Estacion,Dia_Semana,Hora_Dia,Clima,Torniquetes_Activos,Retraso_Operativo_Min,Pasajeros_Hora,Tiempo_Espera_Min,Nivel_Congestion
Principe de Vergara,Lunes,18,Nublado,2,0,1953,5.8,Alta
Banco de Espana,Sabado,10,Lluvia,7,0,272,8.2,Media
Noviciado,Martes,9,Lluvia,8,0,1314,5.9,Alta
Lago,Domingo,20,Nublado,6,0,493,3.7,Baja
Alonso Martinez,Viernes,12,Soleado,8,5,436,9.8,Media
Opera,Lunes,13,Tormenta,8,0,403,6.3,Media
Quevedo,Miercoles,17,Lluvia,5,0,1271,5.3,Alta
Banco de Espana,Martes,13,Tormenta,9,0,345,4.7,Baja
Callao,Miercoles,15,Tormenta,8,0,461,3.8,Baja
Goya,Sabado,11,Soleado,10,0,512,4.3,Baja
Callao,Jueves,7,Lluvia,2,5,1570,13.0,Alta
Opera,Sabado,11,Soleado,2,0,251,3.4,Baja
Retiro,Viernes,22,Nublado,5,20,550,23.3,Alta
Tribunal,Sabado,13,Tormenta,6,10,550,17.8,Alta
Goya,Sabado,23,Soleado,3,0,670,3.7,Media
Goya,Jueves,5,Soleado,8,0,567,2.0,Baja
Callao,Viernes,15,Tormenta,2,0,574,5.7,Media
Bilbao,Domingo,22,Lluvia,4,0,294,6.1,Media
Embajadores,Sabado,21,Lluvia,7,0,570,3.9,Baja
Retiro,Domingo,17,Soleado,2,20,251,23.8,Alta
Retiro,Viernes,13,Soleado,10,0,619,3.3,Media
Quevedo,Viernes,14,Lluvia,7,0,429,5.1,Media
Tribunal,Sabado,11,Tormenta,5,0,459,4.1,Baja
Tribunal,Martes,12,Lluvia,2,0,387,3.9,Baja
Retiro,Domingo,13,Soleado,10,0,586,3.1,Baja
Banco de Espana,Viernes,12,Lluvia,9,10,203,16.2,Alta
Principe Pio,Viernes,13,Tormenta,6,20,517,24.9,Alta
Anton Martin,Sabado,19,Tormenta,5,0,367,6.0,Media
Lago,Miercoles,5,Soleado,5,0,558,2.7,Baja
Noviciado,Miercoles,9,Lluvia,5,0,781,5.3,Media
Anton Martin,Viernes,17,Lluvia,9,0,1051,7.2,Media
Atocha,Martes,9,Soleado,5,0,1602,3.5,Alta
Opera,Martes,22,Nublado,3,0,463,3.8,Baja
Retiro,Martes,16,Lluvia,7,0,568,5.6,Media
Alonso Martinez,Domingo,21,Tormenta,7,0,453,5.8,Media
Plaza de Espana,Martes,20,Nublado,3,0,277,3.1,Baja
Gran Via,Jueves,23,Lluvia,7,0,554,4.1,Baja
Principe Pio,Jueves,5,Tormenta,2,0,535,5.2,Media
Lago,Jueves,9,Soleado,2,0,1469,6.1,Alta
Principe Pio,Viernes,18,Tormenta,8,0,1039,4.1,Media
Retiro,Domingo,13,Soleado,5,0,502,4.4,Baja
Plaza de Espana,Domingo,16,Nublado,10,20,316,24.3,Alta
Goya,Viernes,7,Soleado,7,20,1739,23.1,Alta
Embajadores,Martes,10,Soleado,6,0,411,2.7,Baja
Sevilla,Lunes,8,Soleado,4,0,733,2.2,Media
Callao,Viernes,18,Nublado,8,0,1548,2.7,Alta
Principe de Vergara,Lunes,11,Tormenta,8,0,240,5.0,Baja
Alonso Martinez,Domingo,5,Lluvia,6,0,451,5.5,Media
Atocha,Lunes,18,Tormenta,5,0,1536,4.2,Alta
Bilbao,Domingo,6,Soleado,6,0,417,3.3,Baja
Bilbao,Lunes,11,Nublado,6,5,515,9.9,Media
Plaza de Espana,Sabado,15,Soleado,7,0,263,3.3,Baja
Goya,Martes,15,Tormenta,5,0,576,7.4,Media
Lago,Jueves,9,Nublado,2,0,1086,7.1,Media
Atocha,Domingo,7,Tormenta,7,0,636,5.7,Media
Opera,Sabado,5,Soleado,7,10,326,13.5,Alta
Quevedo,Jueves,5,Soleado,6,0,696,2.1,Media
Bilbao,Viernes,16,Soleado,2,0,483,2.3,Baja
Retiro,Domingo,9,Nublado,9,0,587,2.1,Baja
Principe Pio,Sabado,19,Tormenta,6,5,391,10.3,Alta
Sol,Domingo,10,Soleado,3,0,532,2.7,Baja
Callao,Domingo,5,Lluvia,3,0,627,4.9,Media
Quevedo,Sabado,6,Tormenta,10,0,585,5.1,Media
Sol,Domingo,18,Soleado,8,0,315,5.0,Baja
Gran Via,Lunes,20,Nublado,7,0,457,4.4,Baja
Retiro,Miercoles,16,Soleado,4,0,576,3.3,Baja
Quevedo,Jueves,13,Tormenta,2,0,416,7.0,Media
Anton Martin,Sabado,13,Lluvia,2,0,364,6.8,Media
Callao,Sabado,18,Tormenta,9,0,280,5.9,Media
Lago,Lunes,5,Nublado,5,0,503,4.0,Baja
Sevilla,Sabado,18,Lluvia,10,10,513,16.0,Alta
Callao,Viernes,12,Nublado,6,0,355,2.2,Baja
Goya,Sabado,13,Soleado,2,0,403,2.1,Baja
Lago,Viernes,10,Lluvia,3,0,413,6.0,Media
Lago,Sabado,12,Tormenta,9,0,168,7.6,Media
Anton Martin,Viernes,16,Tormenta,8,0,333,7.0,Media
Sol,Sabado,14,Nublado,3,0,570,3.9,Baja
Banco de Espana,Lunes,15,Nublado,9,0,630,2.3,Media
Callao,Sabado,8,Lluvia,8,0,440,7.4,Media
Principe de Vergara,Jueves,14,Nublado,10,5,454,9.6,Media
Plaza de Espana,Domingo,10,Lluvia,5,5,150,11.7,Alta
Alonso Martinez,Domingo,16,Soleado,8,0,274,2.2,Baja
Alonso Martinez,Viernes,13,Lluvia,9,0,536,5.1,Media
Plaza de Espana,Martes,12,Lluvia,6,0,219,4.9,Baja
Lago,Jueves,16,Soleado,10,0,232,3.8,Baja
Sol,Viernes,11,Soleado,10,0,371,2.2,Baja
Plaza de Espana,Sabado,5,Lluvia,3,0,624,6.6,Media
Banco de Espana,Sabado,10,Nublado,2,0,489,3.6,Baja
Opera,Sabado,14,Tormenta,5,0,643,7.6,Media
Noviciado,Domingo,9,Soleado,2,0,564,4.0,Baja
Embajadores,Viernes,7,Nublado,5,0,704,4.7,Media
Lago,Martes,17,Nublado,9,0,1650,3.7,Alta
Alonso Martinez,Domingo,19,Nublado,2,0,734,4.6,Media
Principe de Vergara,Jueves,18,Tormenta,7,5,921,11.1,Alta
Noviciado,Miercoles,10,Soleado,9,0,543,4.4,Baja
Anton Martin,Martes,20,Soleado,9,5,343,7.3,Media
Gran Via,Sabado,12,Nublado,8,0,339,4.3,Baja
Goya,Viernes,23,Lluvia,3,0,386,7.9,Media
Goya,Miercoles,16,Soleado,10,0,512,2.8,Baja
Plaza de Espana,Martes,16,Nublado,4,0,386,4.4,Baja
Plaza de Espana,Sabado,5,Lluvia,10,0,612,6.4,Media
Banco de Espana,Miercoles,5,Nublado,9,0,483,4.6,Baja
Banco de Espana,Domingo,23,Lluvia,2,0,205,4.8,Baja
Callao,Domingo,10,Lluvia,5,0,388,6.6,Media
Goya,Domingo,10,Lluvia,4,0,240,4.9,Baja
Goya,Sabado,8,Soleado,2,0,440,3.1,Baja
Plaza de Espana,Domingo,18,Soleado,9,0,689,3.9,Media
Opera,Miercoles,7,Soleado,8,0,1652,2.2,Alta
Opera,Lunes,15,Lluvia,2,0,357,5.5,Media
Sevilla,Domingo,16,Tormenta,2,10,488,15.5,Alta
Banco de Espana,Sabado,7,Nublado,3,0,455,3.6,Baja
Atocha,Viernes,23,Soleado,6,5,507,9.8,Media
Tribunal,Jueves,15,Tormenta,5,0,138,7.6,Media
Gran Via,Lunes,8,Lluvia,9,0,1839,4.3,Alta
Tribunal,Martes,15,Lluvia,9,0,772,6.7,Media
Gran Via,Domingo,16,Lluvia,5,0,434,6.9,Media
Alonso Martinez,Miercoles,19,Nublado,9,10,1615,12.3,Alta
Tribunal,Jueves,17,Tormenta,5,0,865,4.2,Media
Quevedo,Lunes,15,Nublado,3,5,466,9.9,Media
Atocha,Martes,5,Lluvia,6,20,553,26.4,Alta
Tribunal,Sabado,10,Lluvia,5,0,518,4.2,Baja
Lago,Miercoles,19,Nublado,8,10,1377,13.0,Alta
Quevedo,Lunes,6,Soleado,2,0,308,2.6,Baja
Sevilla,Lunes,20,Nublado,3,0,217,3.8,Baja
Banco de Espana,Lunes,21,Tormenta,10,0,616,7.8,Media
Quevedo,Sabado,9,Soleado,4,5,222,8.7,Media
Tribunal,Sabado,7,Lluvia,6,0,378,6.1,Media
Callao,Sabado,9,Soleado,8,0,563,3.6,Baja
Tribunal,Sabado,11,Nublado,5,0,501,4.1,Baja
Lago,Jueves,9,Nublado,7,0,1272,3.0,Alta
Sol,Lunes,19,Nublado,8,0,1398,4.9,Alta
Tribunal,Martes,10,Nublado,9,0,436,4.7,Baja
Goya,Sabado,18,Nublado,2,0,270,2.7,Baja
Banco de Espana,Viernes,21,Lluvia,3,0,545,7.1,Media
Atocha,Miercoles,11,Tormenta,5,0,417,7.2,Media
Alonso Martinez,Lunes,23,Lluvia,8,10,420,15.2,Alta
Principe Pio,Lunes,9,Lluvia,4,0,1380,11.1,Alta
Gran Via,Domingo,21,Soleado,3,0,637,3.2,Media
Principe Pio,Domingo,8,Soleado,4,10,304,12.5,Alta
Atocha,Domingo,8,Soleado,2,0,248,4.8,Baja
Banco de Espana,Lunes,6,Nublado,6,0,553,2.5,Baja
Principe Pio,Miercoles,14,Nublado,4,0,211,5.0,Baja
Opera,Jueves,17,Nublado,10,0,1211,4.4,Alta
Banco de Espana,Sabado,11,Nublado,2,0,584,4.8,Baja
Tribunal,Jueves,20,Tormenta,8,0,520,8.7,Media
Opera,Martes,11,Nublado,6,0,278,2.5,Baja
Banco de Espana,Jueves,20,Nublado,7,0,606,4.6,Media
Atocha,Domingo,19,Tormenta,7,5,690,10.6,Alta
Quevedo,Jueves,5,Soleado,9,0,307,4.0,Baja
Quevedo,Viernes,15,Lluvia,10,0,427,5.9,Media
Tribunal,Miercoles,7,Tormenta,7,0,824,4.7,Media
Atocha,Domingo,10,Nublado,4,0,524,3.8,Baja
Noviciado,Domingo,12,Tormenta,3,0,665,6.6,Media
Gran Via,Viernes,9,Lluvia,9,10,1213,16.9,Alta
Sevilla,Jueves,16,Soleado,7,0,419,3.4,Baja
Gran Via,Viernes,16,Soleado,10,0,269,4.3,Baja
Lago,Viernes,23,Nublado,7,0,227,4.0,Baja
Sevilla,Martes,17,Lluvia,4,0,1268,7.7,Alta
Principe Pio,Lunes,14,Nublado,3,0,403,3.1,Baja
Callao,Sabado,15,Soleado,7,0,325,3.8,Baja
Principe Pio,Miercoles,12,Nublado,7,0,160,3.2,Baja
Lago,Martes,21,Soleado,2,0,390,3.7,Baja
Banco de Espana,Miercoles,10,Lluvia,7,0,695,6.5,Media
Callao,Sabado,16,Soleado,9,0,490,3.3,Baja
Banco de Espana,Lunes,15,Tormenta,7,0,461,6.7,Media
Embajadores,Martes,9,Nublado,3,0,918,6.4,Media
Banco de Espana,Lunes,5,Tormenta,10,0,508,6.1,Media
Lago,Jueves,23,Nublado,4,10,592,12.4,Alta
Atocha,Lunes,9,Tormenta,8,0,1633,5.8,Alta
Retiro,Miercoles,23,Lluvia,10,0,178,7.8,Media
Retiro,Jueves,21,Tormenta,5,0,206,5.7,Media
Tribunal,Miercoles,19,Nublado,10,10,1713,12.7,Alta
Embajadores,Viernes,20,Soleado,9,0,581,2.7,Baja
Plaza de Espana,Domingo,18,Lluvia,6,0,347,5.5,Media
Principe de Vergara,Martes,5,Nublado,4,0,311,4.2,Baja
Bilbao,Jueves,9,Nublado,5,0,1433,4.5,Alta
Callao,Viernes,8,Lluvia,6,5,1231,8.7,Alta
Lago,Jueves,12,Nublado,2,0,687,2.1,Media
Quevedo,Miercoles,21,Lluvia,5,5,515,12.0,Alta
Noviciado,Jueves,19,Tormenta,6,0,1021,5.6,Media
Bilbao,Martes,19,Tormenta,6,0,1653,4.2,Alta
Sevilla,Miercoles,14,Tormenta,10,0,357,3.8,Baja
Lago,Sabado,17,Nublado,10,5,531,7.9,Media
Gran Via,Domingo,21,Tormenta,10,0,323,6.1,Media
Alonso Martinez,Lunes,12,Soleado,9,0,301,3.2,Baja
Sol,Sabado,19,Lluvia,3,0,386,7.9,Media
Opera,Domingo,14,Tormenta,9,0,587,7.1,Media
Plaza de Espana,Martes,17,Soleado,7,0,1539,2.4,Alta
Retiro,Viernes,8,Tormenta,8,0,1581,7.6,Alta
Atocha,Jueves,5,Tormenta,8,0,498,7.2,Media
Callao,Lunes,6,Soleado,7,0,508,4.5,Baja
Gran Via,Domingo,8,Nublado,5,0,647,4.1,Media
Principe Pio,Domingo,10,Nublado,2,0,221,4.8,Baja
Atocha,Domingo,6,Lluvia,4,0,583,8.7,Media
Goya,Jueves,20,Lluvia,2,0,329,5.8,Media
Principe de Vergara,Lunes,10,Soleado,4,0,656,4.6,Media
Principe de Vergara,Sabado,22,Tormenta,3,0,625,5.5,Media
Banco de Espana,Martes,11,Soleado,10,0,456,3.8,Baja
Bilbao,Viernes,11,Nublado,10,0,337,4.0,Baja
Opera,Miercoles,23,Soleado,10,0,288,4.7,Baja
Lago,Viernes,12,Nublado,2,5,628,8.5,Media
Tribunal,Lunes,22,Tormenta,5,0,684,3.7,Media
Plaza de Espana,Domingo,22,Lluvia,10,10,717,16.7,Alta
Tribunal,Viernes,23,Soleado,2,0,294,4.0,Baja
Sevilla,Sabado,13,Tormenta,9,0,395,6.0,Media
Bilbao,Martes,6,Tormenta,3,5,472,11.5,Alta
Sol,Martes,18,Lluvia,7,0,1265,6.1,Alta
Lago,Lunes,18,Soleado,7,0,1647,3.6,Alta
Lago,Martes,22,Soleado,4,0,692,4.5,Media
Quevedo,Jueves,20,Tormenta,10,0,382,5.8,Media
Lago,Domingo,12,Lluvia,8,0,549,7.0,Media
Alonso Martinez,Domingo,14,Nublado,9,0,757,4.4,Media
Goya,Miercoles,12,Tormenta,5,5,525,11.6,Alta
Embajadores,Viernes,11,Tormenta,3,0,438,6.3,Media
Callao,Lunes,5,Tormenta,3,0,441,6.3,Media
Opera,Sabado,23,Soleado,10,0,580,3.5,Baja
Tribunal,Lunes,11,Soleado,4,0,685,3.2,Media
Sol,Jueves,18,Soleado,3,0,1753,5.2,Alta
Bilbao,Viernes,14,Soleado,10,0,501,2.9,Baja
Principe Pio,Jueves,14,Lluvia,2,0,284,6.2,Media
Tribunal,Lunes,9,Nublado,5,0,1074,4.5,Media
Sol,Lunes,21,Lluvia,7,0,394,6.3,Media
Sevilla,Miercoles,18,Lluvia,8,0,738,4.3,Media
Bilbao,Domingo,12,Tormenta,4,0,481,6.8,Media
Noviciado,Sabado,20,Soleado,4,0,231,2.9,Baja
Goya,Viernes,14,Soleado,5,0,309,2.5,Baja
Gran Via,Domingo,14,Tormenta,3,0,486,6.9,Media
Gran Via,Miercoles,20,Nublado,6,0,485,2.8,Baja
Bilbao,Martes,15,Nublado,4,5,610,9.5,Media
Opera,Jueves,7,Soleado,8,0,1182,4.0,Media
Plaza de Espana,Miercoles,23,Tormenta,10,0,614,5.2,Media
Sol,Sabado,19,Tormenta,4,0,538,6.1,Media
Embajadores,Martes,14,Soleado,9,5,472,8.9,Media
Quevedo,Martes,16,Tormenta,5,0,532,7.4,Media
Retiro,Sabado,20,Nublado,3,0,342,4.2,Baja
Atocha,Viernes,13,Soleado,2,0,369,3.6,Baja
Gran Via,Domingo,20,Soleado,6,0,363,2.7,Baja
Opera,Miercoles,13,Lluvia,4,0,561,8.5,Media
Alonso Martinez,Domingo,15,Soleado,2,0,501,2.3,Baja
Sol,Lunes,19,Tormenta,5,0,1652,8.2,Alta
Embajadores,Domingo,7,Tormenta,7,0,469,5.8,Media
Anton Martin,Lunes,18,Lluvia,2,0,1821,8.2,Alta
Quevedo,Lunes,8,Lluvia,8,0,1090,7.4,Media
Alonso Martinez,Domingo,20,Lluvia,3,10,656,17.7,Alta
Banco de Espana,Miercoles,20,Tormenta,4,0,270,5.9,Media
Noviciado,Lunes,10,Lluvia,6,5,492,12.5,Alta
Noviciado,Domingo,15,Nublado,2,0,573,4.3,Baja
Opera,Martes,23,Tormenta,3,0,533,7.7,Media
Tribunal,Domingo,19,Soleado,9,0,470,5.0,Baja
Tribunal,Viernes,7,Lluvia,5,0,1089,4.1,Media
Callao,Jueves,17,Lluvia,9,0,1500,5.9,Alta
Embajadores,Sabado,11,Nublado,4,0,431,3.2,Baja
Gran Via,Sabado,12,Tormenta,2,0,463,5.7,Media
Sol,Martes,22,Tormenta,10,0,300,6.8,Media
Principe de Vergara,Sabado,15,Tormenta,3,0,363,5.4,Media
Alonso Martinez,Lunes,15,Nublado,2,0,669,4.5,Media
Retiro,Miercoles,10,Tormenta,7,0,420,5.7,Media
Quevedo,Jueves,5,Soleado,7,0,515,3.4,Baja
Goya,Lunes,16,Soleado,6,0,536,2.4,Baja
Gran Via,Domingo,23,Soleado,9,0,498,4.5,Baja
Retiro,Domingo,17,Lluvia,5,0,477,7.4,Media
Anton Martin,Jueves,21,Lluvia,4,10,286,14.3,Alta
Atocha,Miercoles,9,Nublado,10,10,1547,14.4,Alta
Embajadores,Lunes,16,Nublado,4,10,318,13.2,Alta
Principe de Vergara,Miercoles,6,Lluvia,6,0,372,5.9,Media
Principe de Vergara,Martes,21,Tormenta,8,5,382,10.6,Alta
Tribunal,Lunes,11,Tormenta,10,0,451,7.4,Media
Banco de Espana,Miercoles,14,Nublado,3,0,693,4.7,Media
Sol,Sabado,5,Lluvia,2,0,273,6.2,Media
Principe de Vergara,Domingo,8,Tormenta,7,0,446,6.6,Media
Plaza de Espana,Sabado,20,Nublado,6,0,669,3.8,Media
Atocha,Martes,9,Soleado,6,20,1197,23.3,Alta
Bilbao,Sabado,10,Soleado,5,0,448,4.0,Baja
Anton Martin,Sabado,5,Soleado,9,10,262,14.6,Alta
Bilbao,Lunes,23,Tormenta,10,0,597,7.1,Media
Banco de Espana,Miercoles,19,Lluvia,3,0,1353,11.8,Alta
Sol,Jueves,13,Nublado,10,0,611,3.5,Media
Lago,Viernes,23,Nublado,5,0,279,3.3,Baja
Anton Martin,Viernes,9,Tormenta,3,0,1488,10.3,Alta
Sevilla,Jueves,11,Soleado,8,0,664,3.6,Media
Noviciado,Miercoles,17,Soleado,10,0,906,4.7,Media
Plaza de Espana,Lunes,21,Nublado,7,0,639,3.0,Media
Gran Via,Lunes,22,Soleado,6,0,336,4.3,Baja
Principe de Vergara,Miercoles,9,Lluvia,6,0,1223,5.5,Alta
Quevedo,Domingo,21,Nublado,7,20,191,22.4,Alta
Bilbao,Jueves,14,Nublado,6,0,731,2.3,Media
Embajadores,Domingo,8,Soleado,6,0,399,2.5,Baja
Banco de Espana,Domingo,7,Soleado,9,0,597,3.6,Baja
Banco de Espana,Jueves,23,Lluvia,2,5,447,11.0,Alta
Callao,Viernes,23,Tormenta,5,0,269,5.3,Media
Principe de Vergara,Jueves,10,Lluvia,2,0,370,3.5,Baja
Atocha,Domingo,11,Nublado,4,0,299,3.8,Baja
Sol,Domingo,23,Lluvia,8,0,629,7.4,Media
Quevedo,Miercoles,9,Nublado,6,0,965,2.3,Media
Retiro,Domingo,11,Lluvia,3,20,464,27.5,Alta
Anton Martin,Viernes,19,Nublado,8,0,1008,2.1,Media
Opera,Martes,21,Soleado,5,0,207,2.4,Baja
Tribunal,Jueves,20,Nublado,5,0,432,2.6,Baja
Principe de Vergara,Lunes,9,Tormenta,9,10,1402,15.3,Alta
Bilbao,Miercoles,22,Tormenta,2,20,660,25.1,Alta
Goya,Domingo,5,Lluvia,10,20,524,26.3,Alta
Quevedo,Miercoles,11,Lluvia,2,0,457,5.3,Media
Quevedo,Sabado,22,Soleado,5,0,461,2.3,Baja
Goya,Jueves,6,Lluvia,2,0,652,8.5,Media
Quevedo,Martes,13,Tormenta,5,0,263,5.5,Media
Principe Pio,Martes,19,Tormenta,6,0,1697,7.4,Alta
Alonso Martinez,Domingo,15,Lluvia,9,0,594,6.5,Media
Goya,Martes,14,Nublado,5,0,460,3.8,Baja
Retiro,Viernes,8,Tormenta,3,0,1086,10.5,Alta
Goya,Sabado,8,Lluvia,5,0,338,7.1,Media
Tribunal,Jueves,16,Lluvia,4,10,354,15.9,Alta
Retiro,Lunes,17,Soleado,10,0,1748,4.4,Alta
Goya,Viernes,6,Nublado,9,0,290,2.9,Baja
Embajadores,Miercoles,15,Lluvia,2,5,264,11.4,Alta
Sol,Miercoles,16,Lluvia,10,0,459,4.8,Baja
Quevedo,Sabado,7,Lluvia,3,0,681,3.7,Media
Goya,Miercoles,16,Soleado,2,0,538,3.8,Baja
Banco de Espana,Domingo,12,Lluvia,5,0,547,6.2,Media
Gran Via,Sabado,13,Tormenta,7,5,388,11.5,Alta
Alonso Martinez,Jueves,23,Lluvia,4,5,387,9.6,Media
Goya,Viernes,13,Lluvia,10,0,498,4.7,Baja
Sevilla,Miercoles,18,Soleado,8,0,1102,2.5,Media
Gran Via,Jueves,22,Nublado,3,0,341,2.3,Baja
Atocha,Martes,8,Lluvia,8,0,860,5.5,Media
Principe de Vergara,Lunes,14,Soleado,8,0,548,3.4,Baja
Quevedo,Miercoles,14,Soleado,6,0,204,2.1,Baja
Principe Pio,Viernes,16,Soleado,9,0,398,4.2,Baja
Goya,Viernes,9,Tormenta,4,0,1451,8.9,Alta
Bilbao,Jueves,6,Nublado,2,0,266,4.2,Baja
Gran Via,Domingo,13,Lluvia,10,0,228,7.0,Media
Plaza de Espana,Sabado,16,Soleado,10,0,497,2.8,Baja
Sol,Viernes,5,Lluvia,6,0,582,6.6,Media
Alonso Martinez,Viernes,8,Lluvia,8,10,1266,14.1,Alta
Sol,Lunes,19,Soleado,6,20,1693,23.5,Alta
Banco de Espana,Lunes,5,Lluvia,2,0,328,6.5,Media
Tribunal,Miercoles,13,Soleado,2,0,776,2.5,Media
Embajadores,Jueves,15,Nublado,2,0,548,2.0,Baja
Principe de Vergara,Domingo,5,Nublado,4,0,250,2.8,Baja
Tribunal,Lunes,6,Lluvia,4,0,317,7.3,Media
Bilbao,Viernes,21,Nublado,7,0,415,4.3,Baja
Anton Martin,Martes,7,Soleado,5,0,1347,3.2,Alta
Atocha,Miercoles,18,Tormenta,5,0,1156,7.2,Media
Sol,Miercoles,12,Tormenta,6,0,517,7.5,Media
Banco de Espana,Miercoles,13,Nublado,8,0,478,4.0,Baja
Atocha,Viernes,22,Soleado,2,0,372,4.1,Baja
Atocha,Martes,10,Tormenta,4,10,601,14.0,Alta
Quevedo,Domingo,22,Lluvia,6,0,429,5.3,Media
Gran Via,Lunes,15,Lluvia,5,0,524,3.9,Baja
Goya,Jueves,23,Lluvia,8,0,229,5.2,Media
Callao,Jueves,22,Lluvia,2,0,290,6.4,Media
Bilbao,Viernes,23,Tormenta,10,0,519,3.7,Baja
Opera,Sabado,19,Lluvia,10,0,310,6.0,Media
Goya,Lunes,19,Tormenta,7,10,1360,16.2,Alta
Goya,Domingo,21,Lluvia,4,0,466,3.4,Baja
Retiro,Martes,5,Nublado,5,0,633,4.9,Media
Alonso Martinez,Miercoles,14,Lluvia,9,0,221,7.7,Media
Principe de Vergara,Lunes,14,Lluvia,9,0,636,5.9,Media
Sol,Martes,19,Nublado,7,0,883,3.2,Media
Lago,Jueves,19,Soleado,9,0,859,2.9,Media
Lago,Miercoles,7,Tormenta,7,0,624,5.8,Media
Bilbao,Viernes,16,Lluvia,5,0,292,4.3,Baja
Embajadores,Martes,17,Soleado,6,10,1208,12.5,Alta
Gran Via,Jueves,18,Nublado,6,0,992,2.7,Media
Alonso Martinez,Sabado,11,Soleado,4,0,329,2.6,Baja
Sevilla,Martes,17,Soleado,10,0,1040,4.4,Media
Lago,Lunes,6,Soleado,4,5,491,8.7,Media
Sol,Jueves,8,Soleado,6,0,1118,3.0,Media
Atocha,Martes,14,Nublado,2,0,449,4.1,Baja
Retiro,Lunes,18,Soleado,10,0,955,2.9,Media
Plaza de Espana,Viernes,9,Tormenta,5,5,1080,9.5,Media
Quevedo,Sabado,18,Tormenta,9,0,214,7.6,Media
Alonso Martinez,Sabado,16,Soleado,4,0,461,4.6,Baja
Tribunal,Sabado,9,Tormenta,4,0,363,6.6,Media
Lago,Martes,12,Nublado,6,0,500,2.5,Baja
Gran Via,Lunes,14,Lluvia,6,0,241,7.5,Media
Noviciado,Jueves,19,Soleado,2,0,947,7.3,Media
Quevedo,Sabado,21,Tormenta,4,0,572,6.9,Media
Banco de Espana,Martes,18,Nublado,10,5,1042,7.7,Media
Tribunal,Jueves,16,Tormenta,4,20,403,25.3,Alta
Alonso Martinez,Sabado,22,Lluvia,8,0,368,5.0,Baja
Gran Via,Lunes,16,Tormenta,4,0,200,6.0,Media
Anton Martin,Domingo,11,Nublado,8,20,343,23.5,Alta
Principe Pio,Jueves,20,Soleado,3,5,501,9.5,Media
Goya,Martes,5,Lluvia,6,20,529,27.9,Alta
Quevedo,Viernes,22,Tormenta,9,0,470,5.4,Media
Anton Martin,Domingo,21,Nublado,9,0,526,4.7,Baja
Bilbao,Miercoles,21,Nublado,5,0,234,3.9,Baja
Tribunal,Domingo,14,Tormenta,2,10,592,15.8,Alta
Quevedo,Jueves,17,Nublado,7,20,1299,22.4,Alta
Sevilla,Lunes,23,Tormenta,8,0,428,5.4,Media
Opera,Sabado,20,Nublado,2,0,740,4.7,Media
Goya,Jueves,16,Lluvia,9,0,346,6.9,Media
Lago,Lunes,17,Nublado,5,0,1385,4.3,Alta
Tribunal,Sabado,10,Soleado,4,0,510,4.0,Baja
Bilbao,Viernes,16,Nublado,3,0,511,3.3,Baja
Gran Via,Martes,18,Lluvia,5,0,1503,6.2,Alta
Goya,Lunes,16,Soleado,2,0,313,3.7,Baja
Gran Via,Jueves,14,Tormenta,4,0,529,8.1,Media
Tribunal,Martes,5,Tormenta,2,0,329,5.8,Media
Lago,Viernes,7,Tormenta,9,10,1265,15.8,Alta
Noviciado,Martes,6,Soleado,7,0,547,3.9,Baja
Bilbao,Martes,16,Nublado,6,20,430,23.1,Alta
Quevedo,Sabado,7,Tormenta,2,0,776,5.2,Media
Anton Martin,Jueves,19,Nublado,2,0,1456,5.6,Alta
Banco de Espana,Lunes,9,Lluvia,4,0,1589,10.4,Alta
Alonso Martinez,Sabado,12,Lluvia,9,0,498,5.2,Media
Goya,Domingo,5,Lluvia,3,0,742,6.6,Media
Goya,Martes,8,Tormenta,7,0,1101,6.4,Media
Plaza de Espana,Martes,23,Lluvia,2,0,484,6.3,Media
Opera,Miercoles,11,Tormenta,5,10,328,16.2,Alta
Alonso Martinez,Domingo,19,Tormenta,5,5,323,11.5,Alta
Gran Via,Sabado,6,Soleado,3,0,333,2.3,Baja
Callao,Martes,5,Tormenta,2,0,579,3.6,Baja
Callao,Sabado,11,Lluvia,2,0,632,5.8,Media
Gran Via,Sabado,19,Tormenta,6,5,330,9.9,Media
Sol,Miercoles,14,Tormenta,9,0,516,7.5,Media
Gran Via,Viernes,5,Nublado,6,0,487,2.9,Baja
Embajadores,Sabado,22,Nublado,5,0,499,3.3,Baja
Quevedo,Domingo,12,Lluvia,4,5,713,10.2,Alta
Embajadores,Viernes,13,Lluvia,8,0,424,4.2,Baja
Atocha,Miercoles,18,Soleado,5,0,816,2.1,Media
Tribunal,Martes,6,Lluvia,4,0,461,3.1,Baja
Noviciado,Sabado,17,Soleado,4,0,401,3.3,Baja
Retiro,Sabado,15,Lluvia,4,0,432,5.4,Media
Plaza de Espana,Sabado,8,Tormenta,7,0,455,6.6,Media
Tribunal,Sabado,22,Nublado,7,0,277,4.7,Baja
Anton Martin,Domingo,20,Lluvia,2,0,281,4.2,Baja
Sevilla,Lunes,18,Soleado,2,0,1615,8.6,Alta
Gran Via,Jueves,9,Tormenta,3,0,857,11.4,Alta
Principe de Vergara,Viernes,13,Soleado,6,5,481,7.2,Media
Principe Pio,Lunes,19,Soleado,3,0,1394,5.7,Alta
Principe Pio,Viernes,19,Lluvia,3,5,1582,15.1,Alta
Principe de Vergara,Viernes,20,Tormenta,6,0,482,5.2,Media
Embajadores,Sabado,9,Nublado,3,10,443,14.1,Alta
Plaza de Espana,Jueves,7,Nublado,6,0,1134,5.0,Media
Banco de Espana,Sabado,10,Soleado,2,0,484,2.1,Baja
Principe Pio,Martes,11,Soleado,4,0,284,3.0,Baja
Goya,Jueves,12,Tormenta,8,0,486,6.2,Media
Principe de Vergara,Domingo,5,Lluvia,5,20,289,25.7,Alta
Bilbao,Miercoles,20,Soleado,8,20,546,24.7,Alta
Bilbao,Martes,18,Tormenta,4,0,810,8.8,Media
Sevilla,Domingo,6,Nublado,4,0,587,4.9,Baja
Tribunal,Viernes,7,Tormenta,9,0,796,8.1,Media
Tribunal,Lunes,19,Soleado,5,0,1090,4.8,Media
Gran Via,Martes,14,Soleado,6,10,588,12.1,Alta
Lago,Jueves,7,Soleado,6,0,1525,4.9,Alta
Noviciado,Viernes,11,Soleado,7,0,407,3.3,Baja
Principe Pio,Sabado,22,Soleado,5,0,479,3.8,Baja
Noviciado,Jueves,23,Nublado,9,0,692,2.2,Media
Banco de Espana,Jueves,20,Tormenta,6,0,266,6.9,Media
Principe Pio,Martes,20,Soleado,9,0,537,3.6,Baja
Callao,Domingo,7,Soleado,5,0,426,2.2,Baja
Principe de Vergara,Miercoles,13,Tormenta,2,5,639,11.1,Alta
Noviciado,Lunes,19,Nublado,4,0,1049,6.6,Media
Goya,Domingo,13,Lluvia,2,0,410,6.2,Media
Tribunal,Lunes,5,Nublado,9,0,686,4.2,Media
Noviciado,Viernes,9,Nublado,8,0,963,3.0,Media
Plaza de Espana,Lunes,20,Soleado,2,0,672,2.2,Media
Callao,Sabado,17,Nublado,5,5,582,9.7,Media
Retiro,Martes,14,Tormenta,6,0,475,6.7,Media
Atocha,Lunes,21,Nublado,8,5,548,7.6,Media
Lago,Sabado,22,Nublado,8,0,741,4.1,Media
Bilbao,Sabado,16,Soleado,8,0,739,3.6,Media
Principe Pio,Jueves,20,Soleado,4,0,221,2.4,Baja
Quevedo,Miercoles,15,Tormenta,5,0,245,7.2,Media
Alonso Martinez,Jueves,17,Tormenta,7,0,895,6.5,Media
Alonso Martinez,Domingo,12,Lluvia,10,0,452,6.3,Media
Banco de Espana,Viernes,7,Nublado,7,0,1433,4.1,Alta
Principe de Vergara,Sabado,10,Tormenta,7,0,515,5.1,Media
Tribunal,Miercoles,6,Soleado,10,0,410,2.9,Baja
Embajadores,Martes,22,Soleado,2,0,619,2.8,Media
Gran Via,Martes,6,Soleado,9,0,454,5.0,Baja
Embajadores,Domingo,7,Tormenta,3,0,157,8.2,Media
Quevedo,Sabado,17,Soleado,2,0,392,3.4,Baja
Opera,Lunes,5,Soleado,10,0,525,2.5,Baja
Principe de Vergara,Martes,18,Lluvia,2,10,1499,18.1,Alta
Opera,Viernes,9,Nublado,10,5,1511,7.7,Alta
Opera,Martes,10,Lluvia,4,0,520,5.9,Media
Callao,Miercoles,5,Soleado,5,5,562,9.0,Media
Plaza de Espana,Viernes,6,Soleado,3,0,449,3.9,Baja
Goya,Lunes,7,Nublado,3,0,1354,9.0,Alta
Atocha,Viernes,11,Lluvia,9,20,427,26.0,Alta
Opera,Sabado,19,Soleado,4,10,624,12.9,Alta
Anton Martin,Martes,10,Tormenta,6,0,467,5.9,Media
Retiro,Viernes,18,Lluvia,6,0,1583,6.9,Alta
Sevilla,Domingo,11,Tormenta,10,0,434,3.5,Baja
Sevilla,Sabado,11,Tormenta,6,0,207,5.9,Media
Principe de Vergara,Lunes,23,Soleado,5,0,187,3.0,Baja
Tribunal,Jueves,7,Soleado,8,0,1885,2.7,Alta
Atocha,Sabado,14,Nublado,4,0,439,2.8,Baja
Bilbao,Jueves,19,Nublado,9,0,1420,2.4,Alta
Embajadores,Jueves,22,Soleado,4,0,577,4.3,Baja
Principe de Vergara,Lunes,7,Lluvia,4,0,1524,11.3,Alta
Sevilla,Martes,11,Soleado,8,0,567,2.6,Baja
Retiro,Lunes,9,Tormenta,7,0,1658,7.9,Alta
Noviciado,Lunes,10,Lluvia,4,0,537,7.3,Media
Goya,Jueves,10,Lluvia,9,10,191,15.9,Alta
Embajadores,Sabado,17,Nublado,8,0,512,4.4,Baja
Anton Martin,Miercoles,9,Tormenta,6,0,1128,6.7,Media
Alonso Martinez,Domingo,15,Lluvia,3,0,370,4.6,Baja
Principe Pio,Viernes,15,Lluvia,3,0,447,7.5,Media
Alonso Martinez,Lunes,9,Lluvia,3,0,977,9.2,Media
Lago,Martes,7,Nublado,9,0,1691,2.6,Alta
Opera,Lunes,6,Soleado,7,0,467,5.0,Baja
Goya,Lunes,5,Nublado,3,0,392,4.9,Baja
Sol,Lunes,21,Nublado,4,10,467,13.2,Alta
Banco de Espana,Domingo,14,Lluvia,5,0,588,4.0,Baja
Goya,Lunes,5,Nublado,10,0,421,3.5,Baja
Principe Pio,Lunes,11,Lluvia,8,0,760,4.9,Media
Callao,Sabado,20,Soleado,8,0,684,3.2,Media
Sol,Domingo,18,Tormenta,6,0,411,4.4,Baja
Banco de Espana,Lunes,9,Tormenta,3,0,856,9.3,Media
Quevedo,Domingo,5,Tormenta,9,0,379,5.6,Media
Principe Pio,Miercoles,16,Soleado,9,0,581,4.3,Baja
Principe Pio,Sabado,14,Tormenta,7,0,517,7.0,Media
Goya,Miercoles,9,Tormenta,6,0,1337,6.6,Alta
Tribunal,Miercoles,12,Lluvia,7,0,624,6.1,Media
Anton Martin,Jueves,19,Tormenta,9,0,1727,4.9,Alta
Tribunal,Miercoles,15,Tormenta,10,0,409,7.7,Media
Alonso Martinez,Martes,8,Lluvia,9,10,1790,13.9,Alta
Sol,Sabado,18,Soleado,4,0,320,2.5,Baja
Bilbao,Sabado,8,Soleado,10,5,421,8.2,Media
Embajadores,Lunes,15,Lluvia,5,0,317,4.9,Baja
Retiro,Sabado,19,Tormenta,10,0,185,6.7,Media
Sevilla,Domingo,5,Nublado,3,0,447,3.4,Baja
Principe de Vergara,Sabado,17,Tormenta,7,10,462,17.1,Alta
Noviciado,Martes,7,Nublado,5,0,755,4.4,Media
Quevedo,Viernes,22,Nublado,5,5,541,7.1,Media
Embajadores,Lunes,21,Nublado,2,0,247,2.5,Baja
Embajadores,Viernes,13,Soleado,8,0,535,3.5,Baja
Anton Martin,Sabado,19,Soleado,2,0,671,3.3,Media
Plaza de Espana,Miercoles,15,Tormenta,10,0,475,6.2,Media
Principe Pio,Martes,14,Tormenta,9,0,357,6.5,Media
Sol,Sabado,5,Nublado,9,0,776,3.1,Media
Banco de Espana,Jueves,13,Soleado,5,0,492,3.0,Baja
Embajadores,Lunes,6,Tormenta,10,0,585,3.9,Baja
Principe Pio,Jueves,16,Nublado,7,0,306,3.3,Baja
Retiro,Miercoles,17,Tormenta,9,0,1335,5.6,Alta
Anton Martin,Miercoles,22,Nublado,2,0,313,3.6,Baja
Atocha,Domingo,18,Soleado,8,0,448,3.6,Baja
Plaza de Espana,Miercoles,14,Nublado,5,0,401,3.8,Baja
Plaza de Espana,Jueves,20,Nublado,10,0,670,4.4,Media
Atocha,Lunes,16,Tormenta,6,10,202,15.8,Alta
Lago,Sabado,20,Lluvia,8,5,543,12.0,Alta
Callao,Viernes,11,Nublado,5,0,478,2.1,Baja
Banco de Espana,Miercoles,21,Nublado,9,0,365,3.8,Baja
Retiro,Viernes,8,Nublado,3,0,1295,8.1,Alta
Plaza de Espana,Domingo,18,Soleado,4,0,422,2.8,Baja
Sol,Jueves,9,Tormenta,10,0,1637,3.7,Alta
Plaza de Espana,Miercoles,12,Nublado,3,0,505,2.5,Baja
Bilbao,Viernes,16,Nublado,3,0,382,4.0,Baja
Plaza de Espana,Domingo,14,Lluvia,5,0,389,7.1,Media
Banco de Espana,Viernes,11,Tormenta,8,0,558,7.2,Media
Bilbao,Viernes,18,Tormenta,6,10,1195,16.4,Alta
Tribunal,Miercoles,12,Tormenta,10,0,360,4.7,Baja
Bilbao,Domingo,20,Tormenta,9,0,421,6.6,Media
Principe de Vergara,Viernes,14,Nublado,3,0,668,4.9,Media
Banco de Espana,Martes,16,Lluvia,4,0,416,6.9,Media
Sevilla,Lunes,22,Soleado,8,5,573,8.4,Media
Tribunal,Viernes,7,Lluvia,5,0,1021,6.5,Media
Atocha,Viernes,7,Soleado,10,0,1377,3.5,Alta
Retiro,Lunes,18,Tormenta,9,0,884,5.4,Media
Principe de Vergara,Lunes,20,Lluvia,7,0,716,7.6,Media
Noviciado,Sabado,16,Soleado,4,0,465,3.7,Baja
Plaza de Espana,Viernes,10,Nublado,3,0,630,4.7,Media
Atocha,Jueves,15,Lluvia,2,0,294,6.4,Media
Bilbao,Lunes,9,Nublado,3,0,1227,4.8,Alta
Noviciado,Martes,7,Lluvia,8,10,1019,18.6,Alta
Gran Via,Lunes,9,Soleado,8,0,1265,2.3,Alta
Lago,Jueves,17,Soleado,7,0,1728,4.6,Alta
Tribunal,Martes,18,Soleado,10,0,1852,2.7,Alta
Sol,Jueves,20,Lluvia,10,0,652,5.8,Media
Plaza de Espana,Lunes,9,Soleado,9,0,988,3.2,Media
Atocha,Domingo,8,Tormenta,3,5,538,9.5,Media
Callao,Lunes,17,Nublado,10,0,1596,3.5,Alta
Noviciado,Lunes,23,Nublado,4,0,627,2.5,Media
Principe de Vergara,Martes,6,Soleado,9,10,456,13.7,Alta
Retiro,Miercoles,13,Soleado,5,0,421,2.7,Baja
Principe de Vergara,Martes,5,Lluvia,10,0,495,7.0,Media
Anton Martin,Viernes,19,Soleado,2,0,1779,6.1,Alta
Callao,Sabado,19,Nublado,9,0,359,4.4,Baja
Banco de Espana,Martes,14,Nublado,8,0,296,2.4,Baja
Sevilla,Lunes,16,Lluvia,6,0,333,5.4,Media
Quevedo,Domingo,9,Tormenta,4,0,434,7.6,Media
Anton Martin,Domingo,10,Nublado,10,0,545,4.8,Baja
Anton Martin,Martes,21,Tormenta,7,0,374,6.9,Media
Opera,Domingo,17,Lluvia,9,0,483,5.2,Media
Alonso Martinez,Miercoles,12,Nublado,6,0,392,4.0,Baja
Alonso Martinez,Miercoles,18,Tormenta,3,0,1087,6.4,Media
Principe de Vergara,Viernes,9,Lluvia,8,0,1163,5.7,Media
Callao,Martes,8,Nublado,4,0,1163,7.9,Media
Noviciado,Martes,21,Soleado,3,0,469,4.8,Baja
Bilbao,Miercoles,7,Soleado,6,0,1594,3.5,Alta
Lago,Sabado,16,Lluvia,5,0,531,5.8,Media
Atocha,Sabado,10,Tormenta,7,0,441,4.7,Baja
Quevedo,Domingo,21,Tormenta,6,0,567,6.1,Media
Tribunal,Jueves,6,Tormenta,2,0,192,5.3,Media
Retiro,Miercoles,20,Tormenta,7,0,566,5.4,Media
Quevedo,Domingo,17,Tormenta,8,5,429,10.7,Alta
Atocha,Viernes,18,Lluvia,8,0,1467,7.0,Alta
Plaza de Espana,Martes,5,Tormenta,2,0,295,7.6,Media
Banco de Espana,Jueves,10,Soleado,2,0,430,2.5,Baja
Embajadores,Jueves,11,Soleado,10,0,515,3.8,Baja
Alonso Martinez,Domingo,12,Lluvia,7,0,250,5.1,Media
Opera,Miercoles,9,Nublado,7,0,1494,3.3,Alta
Atocha,Viernes,5,Nublado,2,0,551,2.2,Baja
Retiro,Martes,16,Soleado,4,0,757,3.6,Media
Noviciado,Miercoles,11,Tormenta,6,0,384,5.9,Media
Principe Pio,Jueves,8,Tormenta,7,0,1155,7.7,Media
Lago,Lunes,13,Soleado,6,0,291,3.3,Baja
Noviciado,Miercoles,7,Soleado,6,0,1490,4.4,Alta
Principe de Vergara,Miercoles,7,Soleado,10,0,1497,4.6,Alta
Goya,Miercoles,17,Nublado,8,0,1133,2.3,Media
Noviciado,Sabado,23,Nublado,10,0,432,3.9,Baja
Embajadores,Jueves,12,Soleado,6,0,651,3.8,Media
Principe de Vergara,Jueves,8,Lluvia,10,0,1610,4.8,Alta
Retiro,Sabado,9,Tormenta,7,0,529,6.4,Media
Noviciado,Lunes,10,Tormenta,3,10,510,16.5,Alta
Bilbao,Lunes,7,Tormenta,5,0,1838,5.6,Alta
Atocha,Viernes,20,Tormenta,9,0,133,5.2,Media
Gran Via,Lunes,9,Nublado,2,0,1399,6.8,Alta
Embajadores,Domingo,12,Lluvia,2,0,282,6.4,Media
Gran Via,Sabado,23,Soleado,5,0,411,2.9,Baja
Banco de Espana,Lunes,6,Tormenta,2,0,373,7.8,Media
Atocha,Domingo,23,Tormenta,2,0,520,6.6,Media
Banco de Espana,Jueves,23,Tormenta,4,0,418,5.1,Media
Embajadores,Jueves,19,Nublado,8,0,1585,2.4,Alta
Opera,Lunes,18,Nublado,9,0,1054,2.6,Media
Embajadores,Viernes,16,Lluvia,2,0,618,6.1,Media
Embajadores,Sabado,22,Lluvia,2,0,576,5.0,Baja
Lago,Viernes,12,Tormenta,7,0,535,4.5,Baja
Quevedo,Sabado,12,Lluvia,9,0,685,7.2,Media
Embajadores,Jueves,21,Soleado,3,5,404,7.8,Media
Principe Pio,Viernes,11,Nublado,3,0,456,3.5,Baja
Noviciado,Sabado,8,Lluvia,10,0,442,5.3,Media
Opera,Jueves,11,Soleado,6,0,189,2.4,Baja
Retiro,Miercoles,10,Soleado,3,0,145,2.7,Baja
Noviciado,Domingo,14,Soleado,9,0,510,2.3,Baja
Lago,Viernes,14,Lluvia,2,0,619,4.4,Media
Noviciado,Lunes,7,Lluvia,4,0,1335,13.3,Alta
Opera,Jueves,8,Tormenta,6,0,880,4.5,Media
Anton Martin,Sabado,8,Soleado,8,0,440,4.5,Baja
Goya,Sabado,6,Tormenta,8,0,673,6.7,Media
Callao,Lunes,18,Soleado,3,0,1077,6.2,Media
Goya,Lunes,22,Tormenta,10,20,482,27.2,Alta
Alonso Martinez,Martes,9,Tormenta,4,0,1517,11.5,Alta
Goya,Miercoles,13,Nublado,4,10,414,13.4,Alta
Tribunal,Jueves,13,Lluvia,2,0,527,5.2,Media
Lago,Miercoles,20,Tormenta,6,0,466,6.8,Media
Noviciado,Viernes,11,Nublado,10,0,393,2.2,Baja
Lago,Martes,10,Nublado,7,5,721,7.0,Media
Noviciado,Viernes,22,Tormenta,10,0,182,5.4,Media
Banco de Espana,Lunes,23,Tormenta,9,0,515,6.6,Media
Callao,Sabado,12,Soleado,5,0,281,4.0,Baja
Embajadores,Domingo,12,Lluvia,7,5,305,9.6,Media
Callao,Martes,23,Lluvia,3,0,499,8.8,Media
Principe de Vergara,Lunes,10,Lluvia,9,0,302,7.6,Media
Opera,Jueves,20,Soleado,8,0,510,4.8,Baja
Banco de Espana,Jueves,16,Tormenta,3,0,410,5.1,Media
Principe de Vergara,Martes,23,Tormenta,5,0,622,6.1,Media
Plaza de Espana,Miercoles,20,Nublado,3,0,596,3.2,Baja
Lago,Miercoles,6,Nublado,7,0,655,3.5,Media
Gran Via,Domingo,8,Tormenta,5,0,442,4.7,Baja
Noviciado,Lunes,9,Soleado,10,0,650,4.8,Media
Principe de Vergara,Jueves,10,Nublado,2,0,280,2.5,Baja
Lago,Jueves,17,Tormenta,10,0,1012,6.0,Media
Sol,Miercoles,14,Lluvia,9,5,232,13.5,Alta
Principe Pio,Domingo,17,Nublado,7,0,514,2.8,Baja
Sol,Sabado,22,Nublado,5,0,367,4.9,Baja
Callao,Jueves,17,Lluvia,5,0,1138,6.1,Media
Principe de Vergara,Jueves,23,Tormenta,10,20,664,26.6,Alta
Bilbao,Miercoles,17,Lluvia,3,5,727,13.2,Alta
Retiro,Domingo,9,Tormenta,7,5,770,10.9,Alta
Gran Via,Domingo,14,Nublado,6,0,333,3.0,Baja
Lago,Martes,5,Tormenta,4,0,536,6.6,Media
Opera,Jueves,11,Tormenta,2,0,620,5.5,Media
Sol,Lunes,9,Nublado,6,0,1640,3.7,Alta
Anton Martin,Lunes,9,Soleado,4,0,1394,7.4,Alta
Noviciado,Viernes,11,Soleado,5,0,411,4.4,Baja
Retiro,Jueves,12,Tormenta,2,10,681,18.1,Alta
Callao,Martes,10,Nublado,2,0,413,3.9,Baja
Goya,Sabado,7,Nublado,8,0,495,2.7,Baja
Principe Pio,Martes,11,Lluvia,8,10,314,16.2,Alta
Principe Pio,Viernes,15,Soleado,9,0,358,4.7,Baja
Sol,Viernes,23,Lluvia,7,0,597,6.5,Media
Embajadores,Sabado,15,Nublado,3,0,331,3.8,Baja
Plaza de Espana,Miercoles,15,Nublado,3,0,367,4.8,Baja
Embajadores,Miercoles,19,Nublado,6,0,1225,3.2,Alta
Noviciado,Lunes,14,Soleado,7,0,336,4.6,Baja
Plaza de Espana,Domingo,14,Nublado,2,0,364,2.3,Baja
Bilbao,Sabado,21,Soleado,10,0,677,4.8,Media
Goya,Jueves,21,Soleado,8,0,635,3.5,Media
Embajadores,Domingo,8,Tormenta,7,0,460,5.9,Media
Principe de Vergara,Domingo,11,Lluvia,6,0,561,4.5,Baja
Banco de Espana,Miercoles,22,Lluvia,10,0,693,6.4,Media
Bilbao,Martes,16,Nublado,8,0,435,3.2,Baja
Noviciado,Miercoles,16,Soleado,8,0,399,3.3,Baja
Sevilla,Viernes,7,Lluvia,6,5,1244,9.2,Alta
Embajadores,Lunes,10,Soleado,6,0,284,2.4,Baja
Plaza de Espana,Jueves,11,Tormenta,10,0,255,4.8,Baja
Callao,Lunes,12,Tormenta,4,0,417,5.7,Media
Gran Via,Miercoles,12,Soleado,9,0,289,3.0,Baja
Sevilla,Viernes,19,Lluvia,9,0,1139,7.3,Media
Opera,Viernes,5,Lluvia,5,0,643,4.1,Media
Bilbao,Sabado,23,Tormenta,3,0,283,5.8,Media
Goya,Sabado,13,Soleado,4,10,512,13.8,Alta
Tribunal,Miercoles,15,Nublado,7,0,466,3.8,Baja
Embajadores,Viernes,11,Lluvia,4,0,544,7.7,Media
Quevedo,Domingo,6,Tormenta,5,0,465,6.7,Media
Banco de Espana,Martes,5,Lluvia,3,0,260,6.9,Media
Embajadores,Miercoles,19,Nublado,3,0,1715,7.5,Alta
Gran Via,Jueves,11,Soleado,4,0,197,2.1,Baja
Embajadores,Viernes,9,Lluvia,4,0,1024,11.6,Alta
Gran Via,Jueves,12,Tormenta,8,0,453,6.6,Media
Alonso Martinez,Viernes,18,Nublado,6,0,817,4.2,Media
Quevedo,Lunes,11,Lluvia,3,0,501,4.2,Baja
Gran Via,Jueves,21,Tormenta,4,0,557,5.9,Media
Plaza de Espana,Martes,17,Soleado,8,0,902,4.5,Media
Noviciado,Jueves,8,Tormenta,6,5,1307,12.6,Alta
Tribunal,Jueves,5,Soleado,2,5,384,7.5,Media
Principe Pio,Miercoles,6,Lluvia,2,0,512,5.2,Media
Quevedo,Lunes,22,Soleado,4,0,285,3.4,Baja
Lago,Martes,18,Nublado,6,0,1301,4.9,Alta
Plaza de Espana,Lunes,22,Lluvia,3,0,327,6.2,Media
Anton Martin,Lunes,18,Lluvia,5,0,938,6.0,Media
Plaza de Espana,Viernes,16,Tormenta,8,0,316,5.8,Media
Opera,Sabado,18,Tormenta,8,0,650,4.0,Media
Principe Pio,Sabado,17,Nublado,3,0,223,4.9,Baja
Sevilla,Jueves,15,Tormenta,3,0,438,6.6,Media
Plaza de Espana,Martes,6,Tormenta,7,0,400,8.7,Media
Tribunal,Miercoles,8,Tormenta,5,0,1371,8.5,Alta
Anton Martin,Jueves,16,Soleado,7,0,476,4.9,Baja
Plaza de Espana,Domingo,12,Soleado,2,0,488,4.4,Baja
Principe de Vergara,Lunes,10,Soleado,5,0,558,2.7,Baja
Principe de Vergara,Miercoles,17,Nublado,10,0,901,3.0,Media
Alonso Martinez,Miercoles,5,Nublado,6,0,404,4.2,Baja
Gran Via,Viernes,12,Soleado,5,0,365,3.4,Baja
Tribunal,Viernes,6,Nublado,10,0,451,4.4,Baja
Callao,Viernes,14,Tormenta,6,0,628,5.8,Media
Bilbao,Domingo,5,Nublado,4,0,442,4.4,Baja
Bilbao,Viernes,6,Tormenta,4,0,466,6.7,Media
Atocha,Viernes,12,Tormenta,9,0,489,6.2,Media
Plaza de Espana,Lunes,14,Nublado,9,0,409,4.2,Baja
Principe de Vergara,Jueves,8,Lluvia,6,0,1157,5.2,Media
Sevilla,Sabado,5,Nublado,7,0,517,3.3,Baja
Sol,Sabado,14,Nublado,6,0,302,4.6,Baja
Goya,Viernes,9,Lluvia,4,0,1724,8.7,Alta
Sevilla,Martes,12,Soleado,3,5,298,9.7,Media
Tribunal,Viernes,10,Nublado,9,0,443,2.5,Baja
Sol,Viernes,11,Nublado,6,20,207,22.8,Alta
Opera,Martes,14,Lluvia,8,0,431,6.2,Media
Anton Martin,Domingo,14,Lluvia,4,5,609,10.9,Alta
Anton Martin,Jueves,13,Soleado,8,20,252,24.4,Alta
Anton Martin,Miercoles,18,Nublado,10,0,1558,3.8,Alta
Banco de Espana,Sabado,5,Soleado,3,20,638,23.5,Alta
Lago,Domingo,23,Tormenta,5,5,616,12.6,Alta
Principe Pio,Sabado,23,Nublado,7,0,609,4.5,Media
Anton Martin,Jueves,16,Tormenta,9,0,325,7.7,Media
Callao,Domingo,6,Soleado,6,0,249,3.2,Baja
Embajadores,Jueves,20,Tormenta,3,5,225,10.5,Alta
Sevilla,Domingo,5,Soleado,4,0,387,4.8,Baja
Anton Martin,Jueves,12,Soleado,6,0,652,4.7,Media
Banco de Espana,Domingo,19,Soleado,10,5,570,7.3,Media
Principe Pio,Viernes,20,Tormenta,10,0,605,6.4,Media
Opera,Viernes,20,Nublado,2,10,261,14.5,Alta
Principe de Vergara,Lunes,12,Tormenta,5,0,495,4.1,Baja
Lago,Viernes,6,Tormenta,6,0,220,8.9,Media
Gran Via,Jueves,9,Tormenta,5,0,786,4.4,Media
Callao,Lunes,19,Nublado,6,0,1292,3.0,Alta
Noviciado,Jueves,7,Lluvia,9,0,1102,5.0,Media
Alonso Martinez,Martes,23,Lluvia,10,0,614,6.2,Media
Banco de Espana,Domingo,17,Nublado,2,0,318,4.5,Baja
Quevedo,Jueves,16,Soleado,4,0,386,4.9,Baja
Embajadores,Sabado,9,Soleado,9,0,462,3.5,Baja
Tribunal,Sabado,12,Tormenta,7,0,365,6.2,Media
Sevilla,Lunes,21,Soleado,2,0,687,4.7,Media
Bilbao,Miercoles,5,Tormenta,6,0,520,6.1,Media
Noviciado,Miercoles,16,Nublado,4,0,418,4.3,Baja
Principe de Vergara,Lunes,17,Soleado,4,0,932,4.5,Media
Principe de Vergara,Lunes,9,Soleado,4,0,1232,8.3,Alta
Principe Pio,Jueves,7,Lluvia,6,0,874,6.7,Media
Embajadores,Jueves,10,Tormenta,8,0,475,5.8,Media
Banco de Espana,Martes,18,Tormenta,10,0,835,5.9,Media
Callao,Miercoles,10,Nublado,6,0,513,3.5,Baja
Bilbao,Jueves,5,Tormenta,8,0,317,6.1,Media
Principe Pio,Jueves,19,Soleado,8,0,1940,2.7,Alta
Retiro,Miercoles,7,Soleado,9,10,854,13.0,Alta
Banco de Espana,Domingo,17,Soleado,3,0,365,4.9,Baja
Noviciado,Martes,8,Lluvia,3,0,1533,11.0,Alta
Noviciado,Lunes,14,Lluvia,6,5,320,12.5,Alta
Quevedo,Lunes,6,Nublado,10,0,717,2.0,Media
Alonso Martinez,Sabado,21,Soleado,9,0,651,4.2,Media
Sevilla,Lunes,8,Nublado,7,0,1549,3.7,Alta
Quevedo,Lunes,6,Lluvia,6,0,342,6.7,Media
Embajadores,Viernes,19,Tormenta,2,0,1377,6.5,Alta
Banco de Espana,Jueves,22,Soleado,8,0,349,3.0,Baja
Quevedo,Lunes,12,Lluvia,4,0,368,5.2,Media
Callao,Lunes,22,Nublado,9,0,630,2.3,Media
Principe Pio,Miercoles,22,Soleado,3,0,266,4.3,Baja
Principe Pio,Jueves,17,Nublado,8,0,1309,3.1,Alta
Noviciado,Jueves,19,Lluvia,8,0,1049,7.1,Media
Sevilla,Miercoles,13,Nublado,5,0,385,3.4,Baja
Quevedo,Martes,20,Nublado,7,0,656,3.9,Media
Tribunal,Lunes,11,Nublado,6,5,186,8.6,Media
Retiro,Lunes,10,Soleado,6,0,424,2.4,Baja
Tribunal,Martes,9,Lluvia,7,0,1692,5.7,Alta
Bilbao,Martes,17,Nublado,2,0,1561,4.3,Alta
Tribunal,Jueves,17,Tormenta,3,0,1065,9.1,Media
Bilbao,Martes,9,Soleado,4,0,1187,5.9,Media
Principe de Vergara,Lunes,19,Lluvia,8,0,1349,5.2,Alta
Alonso Martinez,Domingo,19,Tormenta,4,10,520,14.9,Alta
Tribunal,Jueves,15,Nublado,6,0,312,4.5,Baja
Bilbao,Domingo,15,Tormenta,3,0,409,6.4,Media
Tribunal,Sabado,8,Tormenta,10,20,284,26.1,Alta
Alonso Martinez,Miercoles,14,Nublado,8,0,528,2.3,Baja
Banco de Espana,Domingo,8,Tormenta,8,0,479,5.8,Media
Retiro,Domingo,21,Soleado,3,0,500,4.7,Baja
Atocha,Sabado,16,Nublado,8,20,579,24.7,Alta
Gran Via,Sabado,12,Soleado,10,10,516,13.3,Alta
Embajadores,Lunes,9,Lluvia,9,0,1643,5.8,Alta
Principe de Vergara,Sabado,5,Lluvia,3,0,605,5.8,Media
Alonso Martinez,Martes,8,Lluvia,8,0,768,7.0,Media
Principe Pio,Sabado,13,Soleado,2,0,291,4.3,Baja
Anton Martin,Domingo,16,Soleado,5,10,213,13.5,Alta
Atocha,Jueves,11,Soleado,4,0,702,2.1,Media
Goya,Miercoles,11,Nublado,4,0,651,3.9,Media
Goya,Jueves,16,Lluvia,7,10,288,18.0,Alta
Sevilla,Domingo,6,Tormenta,6,0,170,7.3,Media
Sol,Jueves,13,Soleado,2,0,574,4.1,Baja
Bilbao,Sabado,14,Soleado,10,0,420,2.6,Baja
Retiro,Sabado,23,Tormenta,6,0,151,7.0,Media
Quevedo,Domingo,21,Nublado,2,0,460,2.5,Baja
Banco de Espana,Martes,6,Soleado,10,0,563,2.4,Baja
Embajadores,Jueves,6,Lluvia,10,0,251,5.1,Media
Atocha,Martes,19,Tormenta,6,0,1656,4.8,Alta
Principe Pio,Martes,16,Tormenta,3,0,486,6.3,Media
Embajadores,Miercoles,8,Soleado,7,5,1014,7.2,Media
Anton Martin,Martes,15,Tormenta,5,0,365,8.7,Media
Sol,Viernes,18,Soleado,2,0,1062,7.6,Media
Principe de Vergara,Sabado,8,Soleado,8,0,641,2.3,Media
Retiro,Sabado,14,Tormenta,10,0,330,4.9,Baja
Callao,Viernes,9,Soleado,2,0,1842,6.9,Alta
Retiro,Jueves,13,Soleado,4,0,195,4.8,Baja
Anton Martin,Martes,18,Soleado,3,0,1361,4.8,Alta
Plaza de Espana,Sabado,7,Tormenta,3,0,553,6.5,Media
Sol,Sabado,22,Soleado,5,5,277,9.8,Media
Bilbao,Sabado,13,Tormenta,7,0,598,6.0,Media
Opera,Miercoles,11,Lluvia,4,0,301,6.0,Media
Sol,Martes,10,Lluvia,10,0,428,4.5,Baja
Atocha,Domingo,13,Tormenta,8,0,615,8.0,Media
Embajadores,Lunes,5,Nublado,10,0,466,2.1,Baja
Noviciado,Sabado,14,Soleado,10,0,405,3.5,Baja
Alonso Martinez,Domingo,17,Lluvia,5,0,403,5.4,Media
Anton Martin,Viernes,14,Soleado,2,10,604,13.7,Alta
Bilbao,Sabado,9,Tormenta,8,0,219,6.7,Media
Quevedo,Viernes,9,Soleado,9,0,1247,3.4,Alta
Principe Pio,Viernes,5,Lluvia,4,0,275,5.2,Media
Alonso Martinez,Martes,23,Nublado,8,0,531,2.1,Baja
Callao,Sabado,23,Lluvia,5,0,339,3.9,Baja
Noviciado,Lunes,13,Nublado,6,0,588,3.5,Baja
Goya,Martes,16,Soleado,2,0,396,4.0,Baja
Plaza de Espana,Jueves,9,Lluvia,6,5,1535,12.5,Alta
Gran Via,Martes,17,Lluvia,8,0,1079,5.0,Media
Callao,Martes,19,Soleado,10,0,1358,2.2,Alta
Callao,Sabado,12,Lluvia,4,0,386,5.4,Media
Bilbao,Miercoles,12,Nublado,6,0,740,3.6,Media
Plaza de Espana,Sabado,10,Soleado,5,5,371,7.9,Media
Tribunal,Martes,16,Nublado,10,0,562,4.3,Baja
Tribunal,Domingo,14,Tormenta,3,0,457,5.3,Media
Retiro,Jueves,9,Soleado,6,0,1090,3.7,Media
Callao,Jueves,11,Nublado,3,5,608,7.1,Media
Opera,Domingo,10,Lluvia,6,0,518,4.6,Baja
Retiro,Martes,5,Tormenta,9,0,392,8.2,Media
Sevilla,Miercoles,10,Soleado,5,0,442,4.2,Baja
Lago,Martes,10,Soleado,6,0,421,2.9,Baja
Plaza de Espana,Miercoles,23,Lluvia,2,0,424,7.5,Media
Banco de Espana,Lunes,23,Tormenta,5,0,341,5.9,Media
Gran Via,Sabado,20,Tormenta,8,0,352,7.3,Media
Sol,Sabado,20,Tormenta,2,0,442,6.4,Media
Sevilla,Sabado,22,Lluvia,6,0,346,6.5,Media
Anton Martin,Lunes,17,Soleado,2,0,1553,5.9,Alta
Banco de Espana,Sabado,23,Tormenta,2,0,415,5.5,Media
Banco de Espana,Jueves,23,Soleado,9,0,149,4.4,Baja
Sol,Lunes,18,Nublado,5,0,994,4.4,Media
Sol,Sabado,22,Tormenta,7,10,455,17.7,Alta
Principe de Vergara,Miercoles,20,Nublado,9,0,496,2.5,Baja
Tribunal,Martes,22,Nublado,6,0,495,4.0,Baja
Noviciado,Jueves,19,Nublado,4,0,1541,7.8,Alta
Gran Via,Sabado,17,Nublado,3,0,430,4.7,Baja
Principe Pio,Sabado,23,Tormenta,10,0,520,6.1,Media
Bilbao,Lunes,23,Lluvia,4,20,670,26.0,Alta
Banco de Espana,Viernes,12,Lluvia,3,0,440,5.2,Media
Callao,Martes,5,Tormenta,8,0,580,5.7,Media
Plaza de Espana,Martes,18,Tormenta,9,0,1124,6.2,Media
Quevedo,Lunes,17,Soleado,6,0,1854,3.3,Alta
Embajadores,Lunes,9,Lluvia,5,5,1283,12.5,Alta
Alonso Martinez,Sabado,5,Nublado,4,0,431,2.3,Baja
Bilbao,Miercoles,8,Soleado,8,5,1054,9.8,Media
Retiro,Jueves,20,Soleado,4,5,390,8.4,Media
Goya,Viernes,23,Lluvia,2,0,230,7.9,Media
Callao,Sabado,14,Nublado,10,0,326,2.8,Baja
Principe de Vergara,Lunes,18,Soleado,5,0,1206,4.1,Alta
Principe Pio,Miercoles,15,Nublado,6,0,453,4.3,Baja
Retiro,Viernes,11,Lluvia,6,10,616,15.5,Alta
Embajadores,Viernes,9,Lluvia,10,0,1476,5.1,Alta
Goya,Martes,12,Lluvia,8,0,574,3.5,Baja
Sol,Martes,17,Soleado,10,0,856,3.9,Media
Sol,Sabado,6,Lluvia,6,0,723,5.6,Media
Noviciado,Miercoles,15,Soleado,8,5,452,7.6,Media
Sol,Sabado,6,Soleado,10,0,272,4.0,Baja
Retiro,Martes,11,Soleado,7,0,456,3.1,Baja
Goya,Miercoles,19,Nublado,5,0,1445,3.8,Alta
Anton Martin,Domingo,19,Tormenta,3,0,573,4.7,Baja
Retiro,Sabado,20,Tormenta,6,0,571,4.4,Baja
Banco de Espana,Viernes,9,Soleado,7,0,1038,2.7,Media
Lago,Miercoles,5,Lluvia,5,0,367,5.9,Media
Retiro,Domingo,18,Lluvia,7,10,281,16.5,Alta
Gran Via,Lunes,9,Lluvia,7,0,1319,5.7,Alta
Principe Pio,Viernes,21,Soleado,9,0,635,4.6,Media
Quevedo,Lunes,17,Tormenta,2,0,1425,8.4,Alta
Retiro,Jueves,11,Lluvia,6,0,599,6.3,Media
Principe Pio,Domingo,7,Lluvia,4,5,670,10.5,Alta
Quevedo,Lunes,11,Tormenta,3,0,408,7.5,Media
Opera,Domingo,8,Soleado,9,0,490,4.8,Baja
Callao,Jueves,17,Soleado,10,0,1212,3.3,Alta
Callao,Jueves,20,Soleado,10,0,636,4.9,Media
Alonso Martinez,Jueves,12,Lluvia,3,0,415,7.7,Media
Embajadores,Lunes,12,Nublado,6,0,648,3.1,Media
Embajadores,Domingo,22,Nublado,4,0,524,4.4,Baja
Anton Martin,Lunes,16,Soleado,10,0,586,4.6,Baja
Principe Pio,Lunes,9,Lluvia,7,20,1752,26.1,Alta
Principe de Vergara,Jueves,17,Tormenta,2,0,1380,8.1,Alta
Atocha,Domingo,12,Lluvia,9,0,617,6.7,Media
Plaza de Espana,Miercoles,16,Tormenta,2,0,434,6.0,Media
Principe de Vergara,Domingo,5,Nublado,5,0,410,2.6,Baja
Goya,Lunes,13,Nublado,9,0,492,4.7,Baja
Quevedo,Jueves,12,Lluvia,4,0,346,6.8,Media
Noviciado,Miercoles,7,Nublado,3,0,1029,7.7,Media
Principe de Vergara,Lunes,21,Tormenta,10,0,323,5.3,Media
Atocha,Sabado,10,Tormenta,2,0,497,7.7,Media
Quevedo,Viernes,18,Lluvia,8,0,1184,8.4,Media
Quevedo,Domingo,19,Nublado,8,0,371,2.5,Baja
Callao,Viernes,19,Nublado,7,0,781,3.0,Media
Sevilla,Jueves,8,Nublado,6,0,892,4.7,Media
Principe de Vergara,Jueves,15,Lluvia,9,0,339,6.4,Media
Sol,Sabado,18,Soleado,5,0,349,2.5,Baja
Callao,Jueves,14,Tormenta,6,5,681,12.4,Alta
Embajadores,Sabado,15,Nublado,3,0,533,2.5,Baja
Tribunal,Jueves,5,Nublado,10,0,360,2.5,Baja
Callao,Martes,8,Soleado,3,5,1118,13.2,Alta
Lago,Sabado,15,Soleado,7,0,795,3.4,Media
Plaza de Espana,Domingo,10,Lluvia,4,0,519,7.3,Media
Goya,Lunes,10,Soleado,9,0,463,3.0,Baja
Atocha,Martes,14,Tormenta,6,0,300,6.4,Media
Anton Martin,Domingo,7,Lluvia,10,0,279,5.8,Media
Bilbao,Viernes,14,Soleado,4,0,628,4.0,Media
Noviciado,Miercoles,16,Tormenta,6,0,311,7.0,Media
Sevilla,Viernes,23,Nublado,2,0,662,3.7,Media
Sol,Miercoles,20,Nublado,6,0,252,4.3,Baja
Principe Pio,Lunes,18,Lluvia,6,0,1580,6.2,Alta
Quevedo,Domingo,13,Nublado,5,0,352,2.4,Baja
Bilbao,Miercoles,17,Soleado,4,0,755,2.6,Media
Callao,Lunes,14,Tormenta,8,0,669,3.9,Media
Quevedo,Sabado,10,Tormenta,10,0,279,6.2,Media
Opera,Domingo,17,Nublado,3,0,185,2.4,Baja
Principe de Vergara,Viernes,22,Lluvia,5,0,724,6.9,Media
Plaza de Espana,Miercoles,10,Lluvia,10,0,463,6.0,Media
Principe de Vergara,Viernes,14,Soleado,7,0,528,2.1,Baja
Embajadores,Domingo,20,Soleado,8,0,329,3.2,Baja
Anton Martin,Lunes,19,Nublado,7,10,1603,14.9,Alta
Banco de Espana,Viernes,6,Soleado,10,0,390,3.1,Baja
Atocha,Jueves,7,Tormenta,3,0,1509,9.2,Alta
Sevilla,Domingo,12,Soleado,8,5,443,8.4,Media
Bilbao,Miercoles,17,Soleado,4,0,1352,7.2,Alta
Tribunal,Martes,19,Nublado,9,0,1077,3.8,Media
Opera,Sabado,6,Lluvia,2,0,610,6.0,Media
Lago,Sabado,15,Soleado,8,0,311,3.4,Baja
Sevilla,Martes,23,Lluvia,7,0,367,6.0,Media
Tribunal,Viernes,11,Tormenta,2,0,274,6.6,Media
Sol,Miercoles,9,Lluvia,5,0,943,8.2,Media
Sevilla,Martes,22,Lluvia,5,0,550,6.6,Media
Principe Pio,Miercoles,18,Nublado,7,0,1529,4.3,Alta
Retiro,Domingo,11,Lluvia,9,0,590,7.8,Media
Banco de Espana,Miercoles,14,Tormenta,3,0,513,7.2,Media
Atocha,Martes,17,Lluvia,7,0,1307,7.4,Alta
Goya,Miercoles,14,Nublado,2,0,661,3.8,Media
Lago,Domingo,20,Tormenta,2,0,572,5.8,Media
Banco de Espana,Lunes,11,Soleado,7,5,304,9.1,Media
Noviciado,Miercoles,22,Lluvia,10,5,527,12.3,Alta
Alonso Martinez,Martes,10,Nublado,2,5,557,7.8,Media
Gran Via,Jueves,12,Tormenta,7,20,420,26.7,Alta
Atocha,Miercoles,12,Soleado,5,0,490,3.8,Baja
Banco de Espana,Jueves,22,Lluvia,3,0,535,5.6,Media
Tribunal,Viernes,21,Tormenta,2,0,448,7.5,Media
Atocha,Lunes,9,Soleado,7,0,1394,3.0,Alta
Alonso Martinez,Sabado,7,Nublado,2,0,563,2.1,Baja
Sol,Domingo,11,Lluvia,2,0,306,5.8,Media
Anton Martin,Viernes,14,Tormenta,3,0,162,4.2,Baja
Sevilla,Viernes,9,Nublado,2,0,986,5.4,Media
Atocha,Jueves,6,Soleado,7,0,145,4.3,Baja
Bilbao,Lunes,5,Soleado,3,5,317,8.5,Media
Goya,Sabado,9,Lluvia,8,0,548,7.5,Media
Embajadores,Martes,8,Soleado,8,0,1018,3.5,Media
Principe Pio,Domingo,5,Tormenta,9,0,441,5.8,Media
Embajadores,Martes,8,Tormenta,4,0,966,7.5,Media
Bilbao,Domingo,5,Lluvia,9,20,436,27.7,Alta
Retiro,Lunes,23,Tormenta,5,0,612,4.0,Media
Opera,Jueves,19,Lluvia,9,0,1694,6.6,Alta
Principe de Vergara,Lunes,20,Lluvia,8,5,308,10.1,Alta
Atocha,Viernes,5,Soleado,5,10,459,13.0,Alta
Banco de Espana,Miercoles,22,Lluvia,10,0,262,5.6,Media
Quevedo,Lunes,23,Nublado,4,0,507,2.2,Baja
Embajadores,Martes,21,Tormenta,8,0,337,7.0,Media
Principe Pio,Martes,5,Lluvia,4,10,378,14.8,Alta
Alonso Martinez,Sabado,22,Nublado,3,0,378,2.5,Baja
Plaza de Espana,Viernes,22,Soleado,7,0,595,2.2,Baja
Principe Pio,Domingo,12,Nublado,2,0,602,4.7,Media
Gran Via,Viernes,12,Tormenta,2,0,371,4.1,Baja
Opera,Miercoles,20,Soleado,3,0,475,2.4,Baja
Lago,Martes,9,Soleado,3,0,1388,7.2,Alta
Banco de Espana,Domingo,17,Tormenta,5,0,355,6.2,Media
Noviciado,Domingo,8,Nublado,8,5,520,7.5,Media
Principe de Vergara,Jueves,23,Nublado,6,0,571,2.5,Baja
Banco de Espana,Viernes,19,Nublado,3,0,1557,8.6,Alta
Atocha,Jueves,12,Soleado,8,20,377,22.4,Alta
Principe Pio,Jueves,16,Tormenta,2,0,567,4.7,Baja
Sevilla,Lunes,20,Nublado,4,0,481,3.9,Baja
Retiro,Jueves,8,Soleado,4,0,1255,6.2,Alta
Anton Martin,Lunes,7,Soleado,5,0,1374,3.6,Alta
Plaza de Espana,Martes,21,Nublado,7,20,277,23.7,Alta
Embajadores,Martes,19,Lluvia,3,0,1011,9.6,Media
Alonso Martinez,Miercoles,20,Nublado,5,0,256,2.1,Baja
Sol,Jueves,11,Tormenta,3,0,280,7.1,Media
Atocha,Jueves,18,Soleado,8,10,1193,15.0,Alta
Bilbao,Jueves,10,Nublado,10,0,365,4.7,Baja
Goya,Jueves,15,Nublado,8,0,602,3.8,Media
Quevedo,Jueves,20,Soleado,5,0,401,4.2,Baja
Opera,Jueves,22,Lluvia,9,0,215,4.2,Baja
Sevilla,Domingo,10,Lluvia,10,0,461,6.4,Media
Atocha,Jueves,9,Tormenta,9,0,1850,5.7,Alta
Plaza de Espana,Jueves,13,Lluvia,3,0,220,5.8,Media
Alonso Martinez,Domingo,16,Lluvia,2,0,562,6.6,Media
Sevilla,Lunes,5,Tormenta,10,0,304,6.1,Media
Bilbao,Martes,23,Soleado,3,0,208,2.7,Baja
Atocha,Viernes,14,Lluvia,7,20,527,25.7,Alta
Atocha,Lunes,15,Soleado,8,0,445,3.6,Baja
Principe de Vergara,Viernes,5,Nublado,10,0,472,2.9,Baja
Noviciado,Jueves,9,Tormenta,6,0,1491,6.6,Alta
Opera,Lunes,13,Nublado,2,0,565,3.5,Baja
Embajadores,Jueves,6,Soleado,4,0,575,2.7,Baja
Principe Pio,Sabado,20,Tormenta,8,0,551,7.0,Media
Alonso Martinez,Domingo,22,Tormenta,4,0,517,5.2,Media
Noviciado,Martes,20,Soleado,3,0,368,3.3,Baja
Sevilla,Jueves,13,Lluvia,4,0,474,7.5,Media
Quevedo,Miercoles,15,Tormenta,8,0,481,7.5,Media
Noviciado,Lunes,22,Tormenta,9,0,360,5.6,Media
Noviciado,Sabado,10,Soleado,6,0,327,4.8,Baja
Principe de Vergara,Viernes,23,Nublado,10,0,694,3.0,Media
Anton Martin,Sabado,11,Tormenta,5,0,344,6.3,Media
Banco de Espana,Sabado,11,Nublado,9,5,575,9.0,Media
Banco de Espana,Sabado,16,Soleado,2,5,759,7.8,Media
Embajadores,Martes,9,Soleado,4,0,1064,4.9,Media
Opera,Domingo,10,Soleado,5,0,381,4.3,Baja
Retiro,Sabado,17,Lluvia,6,0,550,4.8,Baja
Atocha,Viernes,17,Nublado,2,0,1960,6.7,Alta
Principe de Vergara,Jueves,7,Tormenta,9,0,1656,8.1,Alta
Gran Via,Jueves,13,Lluvia,3,0,418,4.2,Baja
Alonso Martinez,Domingo,22,Soleado,10,0,491,3.3,Baja
Gran Via,Jueves,18,Tormenta,10,0,951,4.5,Media
Goya,Miercoles,19,Lluvia,9,0,1460,6.2,Alta
Principe de Vergara,Domingo,19,Soleado,3,0,711,4.3,Media
Principe Pio,Lunes,9,Tormenta,7,0,1743,6.9,Alta
Bilbao,Miercoles,15,Lluvia,4,0,385,4.6,Baja
Gran Via,Domingo,21,Nublado,10,0,398,2.0,Baja
Plaza de Espana,Domingo,6,Lluvia,6,0,734,7.4,Media
Plaza de Espana,Lunes,21,Tormenta,8,0,507,5.8,Media
Bilbao,Domingo,15,Soleado,6,0,479,2.9,Baja
Embajadores,Martes,19,Nublado,8,0,1314,3.4,Alta
Principe Pio,Jueves,11,Soleado,10,0,515,4.6,Baja
Anton Martin,Domingo,17,Lluvia,10,0,247,6.8,Media
Embajadores,Lunes,10,Tormenta,9,0,476,6.9,Media
Sevilla,Viernes,21,Nublado,5,0,499,4.9,Baja
Goya,Lunes,6,Soleado,3,5,260,7.4,Media
Sevilla,Viernes,19,Soleado,8,0,895,2.0,Media
Callao,Lunes,23,Lluvia,8,0,621,6.4,Media
Plaza de Espana,Lunes,22,Nublado,5,0,376,3.2,Baja
Alonso Martinez,Domingo,9,Soleado,2,0,569,2.8,Baja
Banco de Espana,Domingo,23,Tormenta,6,0,472,6.3,Media
Banco de Espana,Lunes,11,Tormenta,9,0,423,4.0,Baja
Gran Via,Sabado,9,Lluvia,4,0,243,5.7,Media
Bilbao,Martes,12,Tormenta,5,5,549,11.6,Alta
Principe de Vergara,Miercoles,12,Nublado,6,5,380,8.7,Media
Lago,Jueves,7,Tormenta,5,0,824,5.0,Media
Retiro,Jueves,16,Tormenta,2,0,623,4.4,Media
Principe de Vergara,Sabado,18,Lluvia,5,0,347,6.5,Media
Gran Via,Viernes,11,Soleado,9,0,526,3.9,Baja
Bilbao,Lunes,7,Lluvia,7,0,1015,6.7,Media
Plaza de Espana,Jueves,17,Nublado,3,5,1529,13.4,Alta
Bilbao,Martes,13,Nublado,4,0,624,3.6,Media
Callao,Jueves,21,Lluvia,6,0,281,5.7,Media
Anton Martin,Jueves,14,Lluvia,10,0,636,7.1,Media
Atocha,Jueves,22,Lluvia,4,0,423,4.7,Baja
Bilbao,Martes,17,Tormenta,5,0,856,4.4,Media
Banco de Espana,Viernes,8,Lluvia,7,0,1390,5.3,Alta
Alonso Martinez,Miercoles,16,Lluvia,3,0,486,7.3,Media
Lago,Sabado,18,Nublado,5,0,201,4.5,Baja
Embajadores,Sabado,17,Tormenta,7,0,187,4.7,Baja
Noviciado,Jueves,23,Nublado,5,0,420,3.3,Baja
Tribunal,Domingo,20,Nublado,10,0,277,3.4,Baja
Sevilla,Miercoles,23,Soleado,2,0,398,3.0,Baja
Banco de Espana,Sabado,10,Lluvia,7,0,320,5.7,Media
Sevilla,Miercoles,16,Soleado,7,0,369,3.6,Baja
Quevedo,Lunes,6,Nublado,10,0,322,3.0,Baja
Noviciado,Martes,13,Tormenta,3,5,537,11.3,Alta
Retiro,Lunes,19,Soleado,4,0,1862,7.1,Alta
Sol,Martes,11,Lluvia,10,0,314,4.4,Baja
Sol,Jueves,17,Lluvia,6,0,1580,6.7,Alta
Goya,Lunes,14,Tormenta,7,0,425,5.3,Media
Gran Via,Sabado,7,Soleado,6,0,308,4.5,Baja
Quevedo,Lunes,21,Soleado,10,0,586,2.8,Baja
Plaza de Espana,Sabado,14,Nublado,6,0,634,2.8,Media
Sevilla,Viernes,16,Lluvia,6,0,395,5.6,Media
Plaza de Espana,Viernes,15,Nublado,6,0,550,2.0,Baja
Banco de Espana,Lunes,5,Soleado,10,0,402,3.7,Baja
Goya,Viernes,18,Nublado,2,0,1345,8.7,Alta
Sevilla,Sabado,17,Soleado,10,0,582,2.0,Baja
Bilbao,Miercoles,12,Tormenta,2,0,543,6.0,Media
Principe Pio,Sabado,21,Soleado,8,0,513,4.4,Baja
Gran Via,Sabado,11,Lluvia,5,0,620,6.3,Media
Sol,Viernes,19,Nublado,3,0,933,5.7,Media
Embajadores,Martes,13,Tormenta,4,10,345,16.2,Alta
Plaza de Espana,Lunes,16,Nublado,5,0,443,3.2,Baja
Gran Via,Martes,15,Tormenta,4,0,466,7.9,Media
Gran Via,Miercoles,7,Tormenta,10,0,1480,5.9,Alta
Plaza de Espana,Martes,17,Soleado,5,0,1663,4.2,Alta
Tribunal,Sabado,19,Lluvia,6,0,428,6.7,Media
Banco de Espana,Viernes,13,Nublado,6,0,354,3.2,Baja
Noviciado,Lunes,16,Soleado,9,0,602,4.3,Media
Callao,Miercoles,11,Lluvia,4,0,588,6.5,Media
Banco de Espana,Lunes,5,Nublado,10,0,514,4.8,Baja
Lago,Domingo,23,Tormenta,8,0,296,8.7,Media
Lago,Miercoles,13,Tormenta,8,0,627,6.7,Media
Callao,Sabado,10,Soleado,3,0,467,3.7,Baja
Principe Pio,Martes,13,Lluvia,6,0,220,4.6,Baja
Retiro,Martes,20,Soleado,6,0,195,3.5,Baja
Lago,Martes,5,Nublado,5,0,277,4.8,Baja
Atocha,Sabado,19,Lluvia,7,5,616,10.8,Alta
Opera,Domingo,9,Lluvia,7,0,437,4.5,Baja
Lago,Martes,21,Tormenta,10,0,350,5.9,Media
Gran Via,Lunes,12,Lluvia,5,20,384,26.8,Alta
Callao,Jueves,13,Lluvia,4,0,397,6.3,Media
Banco de Espana,Jueves,19,Nublado,7,0,1443,4.7,Alta
Banco de Espana,Domingo,5,Soleado,2,0,508,4.5,Baja
Lago,Sabado,22,Tormenta,10,0,324,5.2,Media
Embajadores,Miercoles,13,Soleado,6,0,395,4.0,Baja
Callao,Sabado,14,Lluvia,4,0,299,4.8,Baja
Principe Pio,Viernes,13,Tormenta,9,10,384,17.1,Alta
Banco de Espana,Martes,11,Nublado,7,0,458,2.0,Baja
Principe de Vergara,Domingo,18,Soleado,9,0,437,2.4,Baja
Principe de Vergara,Lunes,18,Lluvia,6,0,718,7.6,Media
Embajadores,Sabado,13,Soleado,10,0,282,3.2,Baja
Goya,Sabado,17,Tormenta,2,0,363,7.7,Media
Plaza de Espana,Domingo,23,Nublado,3,0,299,4.5,Baja
Sevilla,Miercoles,5,Lluvia,3,0,579,4.7,Baja
Sevilla,Martes,11,Tormenta,5,0,209,5.5,Media
Bilbao,Viernes,23,Soleado,3,0,316,3.5,Baja
Lago,Domingo,13,Soleado,9,0,313,2.3,Baja
Plaza de Espana,Sabado,7,Soleado,4,0,502,4.5,Baja
Sevilla,Jueves,7,Nublado,4,10,855,18.4,Alta
Anton Martin,Lunes,14,Soleado,3,0,227,3.4,Baja
Alonso Martinez,Jueves,16,Soleado,7,0,201,2.3,Baja
Bilbao,Miercoles,14,Nublado,6,0,583,2.4,Baja
Banco de Espana,Miercoles,17,Lluvia,9,0,1277,7.4,Alta
Noviciado,Martes,11,Lluvia,9,20,393,28.3,Alta
Embajadores,Viernes,19,Tormenta,6,0,990,4.6,Media
Sevilla,Martes,7,Nublado,7,0,1198,4.5,Media
Goya,Miercoles,21,Nublado,3,0,511,2.9,Baja
Bilbao,Lunes,18,Nublado,4,20,1624,25.9,Alta
Banco de Espana,Lunes,20,Nublado,6,0,558,4.4,Baja
Banco de Espana,Jueves,16,Tormenta,6,0,300,4.3,Baja
Atocha,Martes,17,Soleado,2,0,1439,7.3,Alta
Alonso Martinez,Miercoles,12,Tormenta,3,0,543,5.7,Media
Principe Pio,Lunes,15,Nublado,8,0,529,2.1,Baja
Sol,Martes,10,Tormenta,9,0,159,5.2,Media
Atocha,Domingo,11,Soleado,3,0,639,4.8,Media
Sevilla,Viernes,6,Tormenta,7,0,434,4.0,Baja
Principe de Vergara,Viernes,23,Soleado,4,0,697,2.7,Media
Sol,Sabado,23,Lluvia,7,0,417,5.7,Media
Plaza de Espana,Jueves,9,Soleado,9,20,1162,23.3,Alta
Callao,Domingo,12,Nublado,2,5,363,9.2,Media
Tribunal,Lunes,7,Tormenta,10,0,1518,4.1,Alta
Bilbao,Sabado,11,Soleado,3,0,455,4.4,Baja
Tribunal,Jueves,12,Soleado,2,0,328,4.3,Baja
Principe Pio,Domingo,7,Soleado,5,0,206,2.3,Baja
Gran Via,Sabado,5,Nublado,3,10,467,13.2,Alta
Opera,Martes,11,Lluvia,8,0,531,4.0,Baja
Alonso Martinez,Miercoles,22,Soleado,10,0,674,4.7,Media
Sevilla,Lunes,11,Tormenta,8,0,503,3.4,Baja
Gran Via,Sabado,6,Tormenta,8,0,441,7.8,Media
Plaza de Espana,Martes,15,Tormenta,2,0,328,7.7,Media
Goya,Domingo,16,Lluvia,6,5,383,12.6,Alta
Sol,Miercoles,7,Lluvia,9,0,1448,6.1,Alta
Principe de Vergara,Domingo,6,Soleado,4,20,644,23.5,Alta
Goya,Jueves,5,Nublado,8,0,419,4.4,Baja
Anton Martin,Sabado,17,Tormenta,10,0,539,4.4,Baja
Gran Via,Miercoles,16,Tormenta,3,0,351,6.8,Media
Sevilla,Jueves,10,Nublado,10,0,507,2.2,Baja
Plaza de Espana,Jueves,8,Lluvia,2,0,795,4.4,Media
Atocha,Miercoles,15,Nublado,2,0,699,4.3,Media
Atocha,Sabado,20,Soleado,2,0,397,4.8,Baja
Bilbao,Sabado,5,Tormenta,9,0,403,6.8,Media
Tribunal,Martes,21,Tormenta,3,0,464,6.6,Media
Atocha,Sabado,21,Soleado,3,0,393,3.7,Baja
Anton Martin,Martes,7,Soleado,2,0,1701,4.5,Alta
Quevedo,Miercoles,7,Nublado,5,0,1705,2.6,Alta
Alonso Martinez,Domingo,20,Nublado,4,10,677,14.9,Alta
Banco de Espana,Viernes,16,Lluvia,5,0,421,6.4,Media
Gran Via,Jueves,14,Lluvia,5,0,708,4.2,Media
Anton Martin,Jueves,14,Lluvia,10,0,518,6.6,Media
Noviciado,Viernes,13,Nublado,3,0,550,4.5,Baja
Sol,Jueves,6,Lluvia,2,0,467,6.1,Media
Callao,Miercoles,22,Tormenta,2,10,507,17.2,Alta
Atocha,Miercoles,16,Soleado,4,0,717,4.3,Media
Quevedo,Martes,18,Lluvia,2,0,1438,8.2,Alta
Lago,Miercoles,10,Nublado,3,0,715,3.8,Media
Banco de Espana,Viernes,15,Lluvia,8,0,290,6.4,Media
Lago,Lunes,7,Nublado,6,0,1677,4.5,Alta
Noviciado,Domingo,19,Tormenta,7,0,515,8.5,Media
Quevedo,Martes,15,Soleado,8,0,587,3.7,Baja
Bilbao,Martes,18,Lluvia,9,5,1250,12.0,Alta
Principe Pio,Lunes,13,Tormenta,10,0,441,4.9,Baja
Bilbao,Viernes,23,Soleado,8,0,235,3.4,Baja
Callao,Domingo,13,Tormenta,3,10,239,18.2,Alta
Gran Via,Domingo,12,Tormenta,10,10,309,15.4,Alta
Atocha,Domingo,5,Soleado,5,0,340,4.7,Baja
Bilbao,Sabado,22,Lluvia,3,0,472,5.3,Media
Principe Pio,Sabado,15,Nublado,9,0,496,3.2,Baja
Opera,Viernes,9,Lluvia,7,0,1615,6.4,Alta
Plaza de Espana,Domingo,13,Soleado,7,0,543,2.3,Baja
Plaza de Espana,Jueves,9,Nublado,10,0,1524,3.2,Alta
Sevilla,Domingo,20,Tormenta,3,0,228,4.3,Baja
Retiro,Miercoles,15,Nublado,10,0,266,2.3,Baja
Gran Via,Sabado,6,Soleado,10,0,364,3.2,Baja
Alonso Martinez,Jueves,19,Lluvia,5,0,1809,6.4,Alta
Plaza de Espana,Sabado,10,Nublado,3,0,642,4.6,Media
Embajadores,Viernes,5,Nublado,10,0,600,2.3,Baja
Sevilla,Martes,11,Soleado,10,10,253,12.5,Alta
Retiro,Martes,22,Tormenta,5,0,343,7.9,Media
Embajadores,Martes,8,Nublado,6,0,786,3.2,Media
Gran Via,Jueves,10,Lluvia,4,0,335,3.5,Baja
Sol,Martes,20,Soleado,9,0,514,2.1,Baja
Noviciado,Martes,10,Nublado,3,0,597,4.4,Baja
Sol,Jueves,11,Lluvia,6,0,363,6.3,Media
Opera,Viernes,13,Soleado,10,0,345,4.0,Baja
Tribunal,Domingo,23,Nublado,7,0,453,3.0,Baja
Principe Pio,Martes,6,Lluvia,10,5,534,10.5,Alta
Tribunal,Domingo,9,Nublado,9,5,151,8.8,Media
Gran Via,Miercoles,17,Tormenta,3,5,1383,13.5,Alta
Gran Via,Viernes,21,Nublado,6,0,478,2.5,Baja
Callao,Miercoles,19,Nublado,5,0,1467,4.2,Alta
Retiro,Domingo,13,Soleado,3,5,384,8.9,Media
Sol,Martes,7,Tormenta,4,0,1165,13.1,Alta
Retiro,Sabado,12,Lluvia,3,0,643,5.4,Media
Principe de Vergara,Domingo,16,Soleado,2,0,632,4.8,Media
Plaza de Espana,Lunes,21,Tormenta,4,0,632,5.4,Media
Embajadores,Jueves,8,Tormenta,9,0,932,6.6,Media
Noviciado,Domingo,8,Nublado,8,5,116,8.5,Media
Plaza de Espana,Lunes,7,Lluvia,10,0,1487,7.0,Alta
Noviciado,Viernes,21,Nublado,9,0,637,4.4,Media
Plaza de Espana,Domingo,12,Tormenta,3,0,399,7.0,Media
Opera,Miercoles,9,Nublado,4,0,1467,5.4,Alta
Principe de Vergara,Domingo,23,Soleado,6,0,411,2.9,Baja
Bilbao,Jueves,14,Nublado,6,0,435,2.2,Baja
Opera,Viernes,8,Nublado,8,0,1163,2.4,Media
Anton Martin,Jueves,15,Nublado,9,0,389,4.8,Baja
Alonso Martinez,Jueves,19,Lluvia,9,0,881,7.0,Media
Principe de Vergara,Martes,22,Lluvia,5,0,270,6.9,Media
Gran Via,Domingo,19,Nublado,2,0,528,2.5,Baja
Noviciado,Lunes,20,Nublado,5,5,590,8.2,Media
Alonso Martinez,Sabado,6,Nublado,10,0,318,4.3,Baja
Gran Via,Jueves,12,Soleado,4,0,488,3.6,Baja
Principe Pio,Viernes,5,Lluvia,8,0,394,5.8,Media
Bilbao,Lunes,6,Nublado,9,0,612,3.8,Media
Alonso Martinez,Domingo,22,Lluvia,2,10,261,17.9,Alta
Alonso Martinez,Lunes,20,Tormenta,7,0,584,7.4,Media
Noviciado,Viernes,15,Soleado,5,0,475,2.4,Baja
Callao,Martes,10,Lluvia,5,0,320,5.0,Media
Callao,Sabado,22,Lluvia,4,0,558,6.0,Media
Embajadores,Sabado,6,Tormenta,5,0,239,4.3,Baja
Tribunal,Jueves,20,Lluvia,6,0,181,4.4,Baja
Callao,Martes,21,Lluvia,4,0,328,6.2,Media
Bilbao,Viernes,8,Nublado,9,0,1625,3.9,Alta
Sol,Lunes,5,Tormenta,7,0,357,6.3,Media
Lago,Martes,19,Tormenta,2,0,1286,8.1,Alta
Sevilla,Martes,21,Tormenta,5,5,729,11.9,Alta
Principe Pio,Viernes,18,Nublado,9,0,1548,4.3,Alta
Bilbao,Sabado,5,Tormenta,10,0,513,8.1,Media
Lago,Jueves,8,Tormenta,3,0,889,8.2,Media
Tribunal,Sabado,21,Lluvia,4,0,537,6.5,Media
Lago,Viernes,18,Tormenta,6,0,1647,7.3,Alta
Callao,Sabado,15,Soleado,8,0,667,2.0,Media
Plaza de Espana,Domingo,9,Lluvia,3,0,357,6.4,Media
Tribunal,Martes,19,Nublado,3,5,1659,11.0,Alta
Principe Pio,Viernes,18,Soleado,3,0,1399,8.9,Alta
Noviciado,Domingo,5,Tormenta,2,5,551,10.4,Alta
Banco de Espana,Domingo,12,Tormenta,5,0,422,7.4,Media
Plaza de Espana,Domingo,23,Nublado,4,0,597,2.9,Baja
Lago,Sabado,8,Lluvia,6,0,313,7.5,Media
Banco de Espana,Martes,22,Lluvia,5,0,492,6.7,Media
Tribunal,Jueves,22,Lluvia,9,0,402,8.0,Media
Goya,Jueves,12,Lluvia,8,0,276,8.2,Media
Tribunal,Domingo,11,Lluvia,5,0,560,4.6,Baja
Principe Pio,Miercoles,20,Soleado,4,5,270,9.7,Media
Principe de Vergara,Jueves,19,Nublado,6,0,1638,3.7,Alta
Tribunal,Martes,10,Nublado,7,0,135,3.5,Baja
Alonso Martinez,Viernes,15,Lluvia,5,0,531,5.6,Media
Bilbao,Lunes,23,Nublado,8,5,368,7.7,Media
Bilbao,Domingo,7,Nublado,3,0,308,2.5,Baja
Sevilla,Martes,6,Lluvia,9,0,512,4.1,Baja
Retiro,Martes,21,Lluvia,10,10,406,17.0,Alta
Opera,Lunes,8,Tormenta,4,0,1371,10.9,Alta
Callao,Martes,10,Lluvia,4,0,490,6.6,Media
Sol,Domingo,19,Soleado,10,0,258,3.9,Baja
Banco de Espana,Sabado,6,Soleado,2,0,446,2.3,Baja
Tribunal,Miercoles,10,Tormenta,8,0,607,3.3,Media
Gran Via,Lunes,14,Nublado,9,5,366,9.0,Media
Gran Via,Jueves,16,Tormenta,5,0,494,4.3,Baja
Retiro,Martes,19,Nublado,8,0,1811,4.6,Alta
Bilbao,Jueves,15,Soleado,5,0,532,2.8,Baja
Lago,Domingo,23,Lluvia,8,0,357,3.7,Baja
Noviciado,Domingo,23,Lluvia,9,0,382,6.5,Media
Principe Pio,Viernes,17,Nublado,4,0,1041,9.2,Media
Retiro,Jueves,11,Nublado,8,0,775,3.8,Media
Goya,Domingo,9,Soleado,2,0,216,2.9,Baja
Bilbao,Viernes,6,Soleado,9,0,213,4.2,Baja
Principe de Vergara,Martes,7,Lluvia,8,0,1502,7.5,Alta
Bilbao,Miercoles,10,Nublado,6,0,255,2.8,Baja
Alonso Martinez,Domingo,11,Soleado,5,0,270,4.3,Baja
Embajadores,Domingo,11,Soleado,7,0,311,3.8,Baja
Atocha,Viernes,18,Lluvia,8,0,1008,5.5,Media
Atocha,Martes,18,Nublado,10,0,898,3.5,Media
Quevedo,Domingo,7,Nublado,5,0,451,2.7,Baja
Retiro,Sabado,11,Soleado,9,0,666,3.8,Media
Bilbao,Martes,17,Nublado,7,0,1602,4.3,Alta
Banco de Espana,Domingo,16,Nublado,9,5,235,8.0,Media
Alonso Martinez,Lunes,14,Tormenta,9,0,204,5.5,Media
Principe de Vergara,Lunes,11,Lluvia,6,0,229,6.0,Media
Principe Pio,Viernes,17,Tormenta,2,0,1022,11.1,Alta
Principe Pio,Domingo,23,Tormenta,3,0,308,5.0,Media
Alonso Martinez,Jueves,5,Nublado,4,10,408,14.4,Alta
Callao,Miercoles,5,Nublado,2,0,351,4.3,Baja
Lago,Lunes,18,Soleado,4,0,1560,6.6,Alta
Bilbao,Domingo,23,Nublado,8,0,498,2.8,Baja
Principe Pio,Martes,8,Lluvia,3,0,1914,9.4,Alta
Principe de Vergara,Sabado,5,Soleado,10,0,741,3.8,Media
Tribunal,Lunes,22,Nublado,9,0,377,3.0,Baja
Principe Pio,Martes,23,Nublado,4,0,524,2.1,Baja
Plaza de Espana,Martes,7,Lluvia,5,0,832,5.8,Media
Principe Pio,Martes,19,Lluvia,3,0,1662,8.5,Alta
Atocha,Sabado,15,Nublado,4,10,532,14.5,Alta
Tribunal,Viernes,5,Nublado,9,0,478,5.0,Baja
Atocha,Sabado,8,Lluvia,10,0,683,5.9,Media
Principe de Vergara,Sabado,14,Lluvia,8,0,718,3.6,Media
Retiro,Lunes,23,Lluvia,4,0,337,3.8,Baja
Principe de Vergara,Sabado,18,Nublado,4,0,644,2.4,Media
Banco de Espana,Sabado,8,Tormenta,8,5,384,11.0,Alta
Plaza de Espana,Viernes,13,Lluvia,10,0,557,5.9,Media
Principe de Vergara,Lunes,20,Nublado,4,0,651,4.6,Media
Tribunal,Lunes,22,Lluvia,4,0,581,5.0,Baja
Noviciado,Miercoles,12,Soleado,8,5,338,9.7,Media
Principe de Vergara,Domingo,6,Tormenta,6,0,209,8.2,Media
Lago,Martes,12,Lluvia,8,0,509,5.0,Baja
Atocha,Sabado,22,Nublado,3,0,580,3.4,Baja
Embajadores,Miercoles,7,Nublado,6,5,1248,8.8,Alta
Retiro,Domingo,12,Tormenta,3,0,373,8.0,Media
Retiro,Sabado,6,Soleado,10,0,738,3.2,Media
Retiro,Sabado,18,Lluvia,9,5,718,11.4,Alta
Lago,Lunes,14,Nublado,3,0,191,3.5,Baja
Sevilla,Lunes,23,Soleado,7,0,371,4.3,Baja
Anton Martin,Lunes,13,Tormenta,6,0,752,8.6,Media
Sevilla,Miercoles,22,Tormenta,8,0,365,6.0,Media
Tribunal,Miercoles,22,Nublado,5,0,666,4.2,Media
Banco de Espana,Miercoles,21,Tormenta,6,0,239,3.4,Baja
Banco de Espana,Lunes,20,Soleado,8,0,384,2.3,Baja
Atocha,Miercoles,11,Nublado,10,0,492,3.1,Baja
Sol,Martes,13,Lluvia,7,0,589,6.1,Media
Sevilla,Jueves,17,Tormenta,8,0,875,5.0,Media
Banco de Espana,Sabado,18,Lluvia,6,5,554,10.6,Alta
Noviciado,Martes,18,Nublado,5,5,1633,7.1,Alta
Alonso Martinez,Lunes,13,Soleado,9,0,425,2.6,Baja
Tribunal,Lunes,19,Nublado,5,0,966,3.6,Media
Callao,Jueves,11,Soleado,7,0,266,4.3,Baja
Goya,Sabado,9,Nublado,3,0,342,3.1,Baja
Principe de Vergara,Sabado,10,Tormenta,2,0,277,4.9,Baja
Embajadores,Jueves,8,Lluvia,6,0,1539,7.4,Alta
Tribunal,Sabado,14,Nublado,6,0,629,2.8,Media
Opera,Martes,12,Nublado,2,10,661,13.3,Alta
Lago,Miercoles,18,Nublado,8,0,739,4.1,Media
Sevilla,Martes,5,Lluvia,3,0,501,6.7,Media
Tribunal,Miercoles,20,Soleado,6,0,495,4.4,Baja
Sevilla,Sabado,5,Nublado,4,0,434,4.7,Baja
Sol,Lunes,11,Soleado,4,0,360,2.3,Baja
Noviciado,Jueves,21,Nublado,7,0,367,3.7,Baja
Retiro,Martes,18,Soleado,4,0,922,5.1,Media
Quevedo,Jueves,7,Nublado,2,0,1343,6.2,Alta
Goya,Miercoles,19,Nublado,10,0,998,4.8,Media
Alonso Martinez,Martes,15,Lluvia,2,0,382,6.0,Media
Goya,Sabado,5,Tormenta,2,10,384,15.8,Alta
Retiro,Jueves,21,Nublado,2,0,579,5.0,Baja
Quevedo,Viernes,23,Tormenta,10,5,651,10.8,Alta
Principe Pio,Viernes,11,Tormenta,5,0,354,3.8,Baja
Opera,Martes,15,Lluvia,7,0,425,7.0,Media
Tribunal,Lunes,21,Lluvia,8,0,501,4.7,Baja
Principe Pio,Jueves,15,Soleado,5,10,594,13.6,Alta
Callao,Miercoles,9,Tormenta,5,0,1000,4.2,Media
Opera,Jueves,19,Nublado,7,0,1518,4.6,Alta
Retiro,Lunes,9,Tormenta,7,0,894,4.1,Media
Embajadores,Sabado,15,Lluvia,6,0,488,6.1,Media
Alonso Martinez,Viernes,21,Nublado,7,0,322,2.5,Baja
Lago,Jueves,16,Nublado,2,0,631,2.0,Media
Lago,Sabado,21,Soleado,8,5,520,7.1,Media
Noviciado,Domingo,15,Tormenta,9,0,502,7.0,Media
Opera,Domingo,12,Tormenta,4,0,405,8.0,Media
Bilbao,Sabado,6,Nublado,6,0,549,2.1,Baja
Principe Pio,Domingo,7,Tormenta,5,20,296,25.1,Alta
Principe Pio,Martes,16,Lluvia,6,0,462,6.0,Media
Bilbao,Viernes,17,Tormenta,9,0,1876,4.6,Alta
Gran Via,Lunes,17,Soleado,2,0,863,6.5,Media
Sol,Martes,8,Nublado,5,0,1867,2.3,Alta
Principe de Vergara,Miercoles,11,Soleado,3,0,217,3.0,Baja
Gran Via,Miercoles,16,Soleado,7,0,314,4.5,Baja
Principe de Vergara,Domingo,15,Tormenta,6,0,570,6.3,Media
Goya,Sabado,8,Lluvia,8,0,615,7.1,Media
Embajadores,Sabado,13,Tormenta,9,0,196,4.9,Baja
Opera,Lunes,22,Lluvia,6,0,371,4.2,Baja
Retiro,Viernes,15,Soleado,3,0,360,2.1,Baja
Sevilla,Domingo,20,Tormenta,8,0,750,6.8,Media
Principe de Vergara,Jueves,16,Nublado,5,0,427,2.2,Baja
Opera,Lunes,18,Nublado,3,0,1184,6.9,Media
Quevedo,Sabado,22,Nublado,4,0,598,2.3,Baja
Quevedo,Sabado,18,Lluvia,5,0,314,4.4,Baja
Callao,Domingo,14,Lluvia,10,10,416,17.3,Alta
Noviciado,Miercoles,8,Soleado,3,0,1000,6.7,Media
Gran Via,Miercoles,16,Tormenta,8,0,611,7.2,Media
Bilbao,Martes,12,Lluvia,5,5,438,12.7,Alta
Anton Martin,Viernes,10,Nublado,6,0,281,3.3,Baja
Gran Via,Jueves,6,Nublado,5,0,570,3.1,Baja
Atocha,Martes,10,Lluvia,4,0,773,5.8,Media
Retiro,Miercoles,6,Tormenta,3,0,515,5.5,Media
Sol,Martes,13,Tormenta,4,0,249,6.4,Media
Banco de Espana,Jueves,22,Lluvia,7,0,162,7.5,Media
Opera,Miercoles,17,Lluvia,5,0,1485,7.3,Alta
Opera,Lunes,11,Soleado,5,0,494,3.5,Baja
Banco de Espana,Sabado,9,Tormenta,4,5,496,10.5,Alta
Callao,Miercoles,16,Lluvia,7,0,424,6.8,Media
Gran Via,Sabado,22,Soleado,5,0,579,2.6,Baja
Sevilla,Jueves,20,Nublado,8,0,426,3.8,Baja
Sol,Sabado,20,Nublado,9,5,466,7.4,Media
Principe de Vergara,Martes,23,Nublado,3,0,192,3.4,Baja
Principe de Vergara,Jueves,18,Lluvia,6,0,1021,6.1,Media
Retiro,Sabado,19,Lluvia,6,5,259,8.4,Media
Alonso Martinez,Sabado,11,Tormenta,5,0,597,6.5,Media
Embajadores,Domingo,19,Lluvia,5,0,201,6.3,Media
Gran Via,Sabado,19,Soleado,8,10,424,13.7,Alta
Quevedo,Martes,23,Lluvia,9,5,364,11.8,Alta
Callao,Sabado,17,Nublado,5,10,374,14.3,Alta
Lago,Lunes,11,Soleado,6,0,419,2.1,Baja
Tribunal,Martes,9,Tormenta,3,0,1959,9.6,Alta
Callao,Miercoles,19,Tormenta,6,0,1833,6.0,Alta
Lago,Lunes,12,Tormenta,9,0,340,7.4,Media
Gran Via,Sabado,17,Nublado,5,0,339,2.8,Baja
Embajadores,Lunes,23,Soleado,8,0,545,4.8,Baja
Principe de Vergara,Viernes,16,Lluvia,8,0,523,6.8,Media
Atocha,Martes,19,Lluvia,5,0,1002,6.9,Media
Plaza de Espana,Jueves,21,Tormenta,8,0,514,5.0,Baja
Tribunal,Jueves,16,Nublado,10,10,452,12.7,Alta
Embajadores,Miercoles,23,Lluvia,9,0,445,3.4,Baja
Principe Pio,Lunes,10,Soleado,4,0,435,4.9,Baja
Callao,Jueves,9,Tormenta,5,0,901,7.7,Media
Goya,Domingo,12,Tormenta,9,20,590,26.8,Alta
Sol,Miercoles,6,Soleado,3,0,282,3.7,Baja
Sevilla,Jueves,9,Nublado,10,0,938,2.6,Media
Embajadores,Jueves,6,Tormenta,9,0,431,6.4,Media
Sevilla,Viernes,17,Lluvia,3,0,1269,9.6,Alta
Principe de Vergara,Domingo,16,Lluvia,5,0,560,5.3,Media
Opera,Domingo,13,Tormenta,5,0,548,7.9,Media
Lago,Lunes,9,Nublado,3,0,1155,9.0,Media
Anton Martin,Sabado,8,Tormenta,8,10,424,16.0,Alta
Plaza de Espana,Domingo,18,Lluvia,9,0,497,6.8,Media
Callao,Domingo,22,Nublado,10,5,581,9.7,Media
Bilbao,Miercoles,8,Lluvia,10,0,1220,5.0,Alta
Principe Pio,Jueves,7,Tormenta,7,0,1041,5.3,Media
Atocha,Domingo,16,Lluvia,3,5,419,10.0,Alta
Tribunal,Lunes,19,Lluvia,2,0,1356,9.6,Alta
Banco de Espana,Sabado,20,Lluvia,4,0,470,6.0,Media
Plaza de Espana,Sabado,9,Tormenta,10,0,506,5.9,Media
Lago,Martes,19,Tormenta,3,0,1529,11.2,Alta
Principe de Vergara,Sabado,12,Soleado,10,0,264,4.6,Baja
Sevilla,Miercoles,10,Lluvia,3,0,217,5.4,Media
Gran Via,Viernes,23,Lluvia,3,0,528,3.9,Baja
Goya,Jueves,17,Tormenta,3,0,1256,11.2,Alta
Embajadores,Jueves,5,Nublado,3,0,712,3.3,Media
Banco de Espana,Domingo,19,Soleado,6,0,363,4.8,Baja
Plaza de Espana,Sabado,13,Soleado,7,0,579,3.2,Baja
Retiro,Miercoles,14,Nublado,9,0,219,4.9,Baja
Embajadores,Jueves,16,Lluvia,9,20,553,25.7,Alta
Callao,Jueves,11,Nublado,10,0,467,4.7,Baja
Sevilla,Sabado,15,Soleado,2,0,548,3.4,Baja
Banco de Espana,Lunes,13,Tormenta,2,5,256,12.6,Alta
Retiro,Viernes,17,Soleado,10,0,1780,4.7,Alta
Banco de Espana,Miercoles,13,Lluvia,8,0,512,4.2,Baja
Alonso Martinez,Viernes,21,Nublado,2,0,606,4.3,Media
Principe Pio,Domingo,15,Nublado,7,0,390,2.3,Baja
Gran Via,Domingo,23,Lluvia,9,0,288,6.5,Media
Retiro,Lunes,6,Nublado,4,0,303,4.7,Baja
Plaza de Espana,Miercoles,15,Lluvia,4,0,529,7.1,Media
Callao,Miercoles,13,Soleado,7,5,184,8.2,Media
Quevedo,Miercoles,16,Tormenta,8,0,281,5.8,Media
Goya,Miercoles,21,Tormenta,8,0,504,6.8,Media
Embajadores,Domingo,5,Tormenta,4,10,515,17.3,Alta
Atocha,Viernes,15,Lluvia,2,10,497,16.6,Alta
Atocha,Martes,16,Nublado,3,5,721,8.5,Media
Principe Pio,Viernes,15,Soleado,6,0,520,2.4,Baja
Principe de Vergara,Domingo,20,Tormenta,8,0,704,6.7,Media
Retiro,Sabado,20,Tormenta,6,0,411,5.1,Media
Sol,Domingo,10,Tormenta,6,10,474,18.8,Alta
Goya,Viernes,23,Tormenta,9,0,434,4.6,Baja
Opera,Viernes,17,Lluvia,9,5,1873,10.7,Alta
Retiro,Sabado,15,Nublado,3,5,416,7.8,Media
Opera,Jueves,17,Tormenta,9,0,1390,6.3,Alta
Principe Pio,Martes,11,Soleado,6,0,492,2.9,Baja
Sol,Lunes,22,Soleado,5,0,543,4.9,Baja
Noviciado,Domingo,23,Nublado,4,0,534,2.4,Baja
Gran Via,Viernes,16,Soleado,6,0,478,2.5,Baja
Alonso Martinez,Sabado,7,Soleado,5,0,684,2.7,Media
Quevedo,Martes,16,Tormenta,4,0,165,6.7,Media
Banco de Espana,Viernes,17,Lluvia,5,0,1084,5.0,Media
Retiro,Miercoles,11,Lluvia,9,0,489,5.0,Media
Plaza de Espana,Jueves,19,Soleado,10,0,1233,2.5,Alta
Plaza de Espana,Jueves,8,Soleado,4,10,1421,16.5,Alta
Embajadores,Martes,9,Lluvia,5,20,1392,27.2,Alta
Tribunal,Sabado,10,Nublado,7,0,499,2.1,Baja
Plaza de Espana,Lunes,9,Soleado,8,10,1609,14.8,Alta
Plaza de Espana,Domingo,17,Lluvia,2,5,412,12.7,Alta
Sol,Miercoles,15,Nublado,4,0,573,2.2,Baja
Alonso Martinez,Sabado,12,Lluvia,8,0,420,7.5,Media
Embajadores,Sabado,10,Lluvia,10,0,324,5.9,Media
Lago,Martes,15,Nublado,3,0,513,3.3,Baja
Gran Via,Jueves,18,Tormenta,10,10,1306,16.5,Alta
Sevilla,Lunes,12,Tormenta,5,0,660,5.9,Media
Sevilla,Viernes,5,Tormenta,7,0,193,4.9,Baja
Gran Via,Martes,20,Soleado,5,0,396,2.9,Baja
Banco de Espana,Martes,7,Tormenta,5,0,1224,4.6,Alta
Quevedo,Miercoles,20,Tormenta,3,0,597,8.6,Media
Opera,Martes,6,Tormenta,7,0,290,7.8,Media
Atocha,Lunes,7,Tormenta,5,0,1184,6.1,Media
Opera,Jueves,23,Nublado,7,0,563,3.9,Baja
Sevilla,Sabado,18,Nublado,10,0,546,3.4,Baja
Quevedo,Martes,23,Soleado,7,0,512,4.0,Baja
Tribunal,Martes,17,Soleado,8,0,1442,3.2,Alta
Alonso Martinez,Domingo,11,Lluvia,7,0,358,5.9,Media
Gran Via,Viernes,14,Tormenta,3,0,526,8.2,Media
Banco de Espana,Sabado,6,Soleado,9,10,287,14.5,Alta
Goya,Martes,15,Soleado,8,0,395,2.2,Baja
Lago,Miercoles,19,Tormenta,10,0,1462,6.4,Alta
Embajadores,Martes,9,Nublado,3,0,914,5.2,Media
Gran Via,Miercoles,22,Soleado,6,0,648,2.3,Media
Principe Pio,Viernes,13,Soleado,10,5,129,8.8,Media
Tribunal,Lunes,18,Nublado,3,0,1468,5.0,Alta
Plaza de Espana,Jueves,16,Nublado,10,20,338,22.5,Alta
Sevilla,Lunes,18,Nublado,2,0,780,4.8,Media
Bilbao,Lunes,22,Lluvia,3,0,360,6.2,Media
Opera,Domingo,11,Soleado,4,0,482,2.7,Baja
Principe Pio,Lunes,15,Tormenta,9,0,291,3.9,Baja
Anton Martin,Lunes,9,Soleado,10,5,1656,9.7,Alta
Bilbao,Miercoles,17,Tormenta,2,0,1405,11.4,Alta
Bilbao,Martes,23,Tormenta,7,5,487,11.1,Alta
Banco de Espana,Domingo,7,Soleado,9,0,603,4.7,Media
Gran Via,Sabado,9,Lluvia,10,0,454,3.9,Baja
Callao,Domingo,13,Soleado,3,0,350,2.9,Baja
Embajadores,Martes,22,Nublado,10,0,249,4.3,Baja
Alonso Martinez,Martes,19,Tormenta,7,20,1129,26.2,Alta
Embajadores,Viernes,17,Lluvia,7,0,1760,7.9,Alta
Plaza de Espana,Martes,18,Tormenta,5,0,1516,5.8,Alta
Tribunal,Jueves,18,Soleado,10,0,1538,2.3,Alta
Opera,Martes,11,Nublado,4,0,336,3.3,Baja
Atocha,Lunes,17,Soleado,3,0,1167,7.8,Media
Sevilla,Martes,17,Lluvia,6,0,1234,5.3,Alta
Gran Via,Sabado,12,Tormenta,10,0,369,6.4,Media
Sevilla,Lunes,22,Nublado,7,0,504,4.6,Baja
Retiro,Sabado,12,Lluvia,3,0,561,5.9,Media
Atocha,Viernes,12,Tormenta,9,0,294,6.4,Media
Lago,Lunes,6,Tormenta,6,0,468,7.4,Media
Banco de Espana,Sabado,15,Lluvia,4,0,413,4.7,Baja
Alonso Martinez,Sabado,16,Lluvia,6,0,465,8.3,Media
Anton Martin,Domingo,21,Soleado,6,5,460,8.9,Media
Banco de Espana,Martes,9,Soleado,3,0,1343,8.7,Alta
Sol,Sabado,19,Lluvia,8,0,724,5.7,Media
Gran Via,Martes,20,Soleado,7,5,379,8.3,Media
Principe Pio,Miercoles,7,Tormenta,10,0,1840,7.3,Alta
Anton Martin,Martes,10,Soleado,8,0,399,3.9,Baja
Atocha,Miercoles,9,Nublado,10,0,1243,3.6,Alta
Quevedo,Sabado,10,Soleado,2,0,550,3.9,Baja
Opera,Jueves,13,Lluvia,10,0,728,4.4,Media
Quevedo,Domingo,17,Lluvia,5,0,169,3.4,Baja
Principe Pio,Domingo,9,Soleado,8,0,251,3.9,Baja
Lago,Lunes,18,Soleado,4,0,1842,7.9,Alta
Anton Martin,Miercoles,10,Tormenta,7,0,405,6.6,Media
Atocha,Miercoles,12,Nublado,4,0,373,2.2,Baja
Lago,Viernes,16,Lluvia,6,10,427,16.6,Alta
Gran Via,Martes,6,Soleado,4,10,718,13.3,Alta
Banco de Espana,Domingo,15,Tormenta,8,0,625,6.3,Media
Banco de Espana,Jueves,15,Nublado,10,0,533,3.9,Baja
Quevedo,Martes,18,Lluvia,2,0,923,7.8,Media
Bilbao,Miercoles,20,Soleado,10,0,198,3.1,Baja
Atocha,Miercoles,5,Lluvia,6,0,302,5.9,Media
Sevilla,Sabado,5,Soleado,5,0,385,3.5,Baja
Retiro,Sabado,18,Nublado,4,0,276,3.2,Baja
Gran Via,Lunes,7,Soleado,5,0,750,4.3,Media
Embajadores,Lunes,10,Nublado,6,0,590,2.8,Baja
Atocha,Sabado,11,Tormenta,5,0,148,6.0,Media
Noviciado,Miercoles,17,Soleado,7,0,1907,2.5,Alta
Quevedo,Martes,10,Tormenta,5,0,462,7.2,Media
Opera,Viernes,15,Nublado,4,0,366,3.8,Baja
Principe de Vergara,Viernes,16,Soleado,10,0,284,3.4,Baja
Gran Via,Lunes,13,Lluvia,10,0,278,7.3,Media
Alonso Martinez,Jueves,12,Soleado,6,5,512,7.6,Media
Embajadores,Jueves,23,Tormenta,5,0,371,4.2,Baja
Plaza de Espana,Jueves,9,Nublado,6,0,1455,3.0,Alta
Bilbao,Martes,20,Lluvia,7,0,235,6.2,Media
Alonso Martinez,Jueves,11,Soleado,9,0,665,4.6,Media
Quevedo,Sabado,6,Nublado,4,0,345,3.9,Baja
Goya,Jueves,21,Lluvia,2,10,374,16.6,Alta
Tribunal,Viernes,11,Tormenta,9,10,393,16.7,Alta
Goya,Domingo,21,Lluvia,9,0,262,6.7,Media
Banco de Espana,Lunes,9,Nublado,6,0,1024,2.2,Media
Sol,Miercoles,17,Nublado,9,0,1733,4.0,Alta
Tribunal,Miercoles,14,Soleado,6,5,371,7.2,Media
Anton Martin,Lunes,15,Soleado,6,0,647,4.8,Media
Quevedo,Viernes,21,Soleado,8,0,436,4.9,Baja
Sol,Martes,6,Lluvia,9,0,361,4.9,Baja
Callao,Sabado,9,Tormenta,10,0,705,6.1,Media
Goya,Miercoles,14,Tormenta,8,5,353,10.4,Alta
Opera,Jueves,14,Nublado,3,5,304,7.9,Media
Principe de Vergara,Domingo,7,Nublado,6,5,178,7.4,Media
Embajadores,Lunes,9,Nublado,3,0,1758,7.9,Alta
Tribunal,Viernes,14,Nublado,9,0,628,4.2,Media
Retiro,Miercoles,8,Lluvia,2,0,1675,8.6,Alta
Gran Via,Jueves,12,Tormenta,6,0,466,6.7,Media
Tribunal,Martes,16,Soleado,4,0,418,2.7,Baja
Goya,Domingo,23,Soleado,2,0,331,4.9,Baja
Gran Via,Miercoles,17,Tormenta,2,0,1244,12.6,Alta
Quevedo,Miercoles,21,Lluvia,9,0,325,5.6,Media
Opera,Jueves,10,Tormenta,9,0,347,5.3,Media
Anton Martin,Martes,8,Lluvia,10,0,1612,8.1,Alta
Retiro,Lunes,6,Lluvia,5,0,507,5.4,Media
Goya,Miercoles,14,Tormenta,3,0,566,5.8,Media
Gran Via,Viernes,14,Tormenta,7,0,474,3.8,Baja
Tribunal,Sabado,11,Lluvia,8,0,520,7.1,Media
Opera,Martes,12,Lluvia,7,5,453,11.8,Alta
Goya,Miercoles,16,Soleado,6,0,228,3.3,Baja
Sevilla,Martes,9,Soleado,8,0,1612,3.0,Alta
Embajadores,Martes,5,Nublado,4,0,469,3.1,Baja
Opera,Viernes,16,Nublado,5,0,387,4.2,Baja
Anton Martin,Jueves,9,Nublado,4,0,1668,6.8,Alta
Alonso Martinez,Domingo,13,Lluvia,4,20,415,25.9,Alta
Alonso Martinez,Miercoles,10,Nublado,8,0,688,3.2,Media
Sevilla,Jueves,5,Soleado,5,0,442,5.0,Baja
Banco de Espana,Lunes,12,Nublado,4,0,592,2.4,Baja
Principe de Vergara,Domingo,23,Soleado,2,20,436,24.3,Alta
Noviciado,Sabado,7,Nublado,3,0,462,2.7,Baja
Plaza de Espana,Domingo,9,Lluvia,8,0,637,5.6,Media
Tribunal,Miercoles,8,Nublado,7,0,1181,3.7,Media
Plaza de Espana,Sabado,13,Tormenta,10,0,452,7.2,Media
Anton Martin,Martes,8,Lluvia,10,0,1897,6.0,Alta
Sevilla,Viernes,9,Nublado,3,0,982,8.2,Media
Callao,Domingo,13,Nublado,10,0,460,3.0,Baja
Plaza de Espana,Lunes,9,Lluvia,6,0,1660,6.6,Alta
Tribunal,Lunes,12,Lluvia,10,0,573,6.2,Media
Retiro,Viernes,14,Soleado,4,0,437,4.4,Baja
Bilbao,Sabado,22,Lluvia,10,0,508,6.6,Media
Banco de Espana,Viernes,23,Nublado,2,0,468,2.5,Baja
Sevilla,Miercoles,9,Nublado,8,5,1115,7.2,Media
Principe Pio,Martes,18,Lluvia,6,0,1235,5.5,Alta
Plaza de Espana,Sabado,12,Lluvia,2,0,142,7.5,Media
Lago,Domingo,19,Lluvia,3,0,278,6.8,Media
Tribunal,Martes,21,Nublado,3,0,389,3.8,Baja
Bilbao,Sabado,11,Nublado,2,0,476,4.8,Baja
Tribunal,Sabado,10,Nublado,6,0,569,5.0,Baja
Quevedo,Lunes,17,Lluvia,2,0,1468,10.1,Alta
Atocha,Sabado,23,Lluvia,7,0,667,7.0,Media
Embajadores,Martes,9,Lluvia,6,0,991,4.7,Media
Alonso Martinez,Jueves,19,Nublado,2,0,963,6.1,Media
Banco de Espana,Jueves,13,Nublado,4,0,462,2.7,Baja
Bilbao,Martes,19,Soleado,5,0,1530,3.3,Alta
Atocha,Jueves,22,Soleado,9,0,603,2.5,Media
Principe de Vergara,Martes,20,Tormenta,7,0,439,7.0,Media
Noviciado,Jueves,6,Soleado,5,0,357,4.4,Baja
Gran Via,Miercoles,18,Tormenta,3,0,1406,8.3,Alta
Quevedo,Martes,12,Soleado,9,0,706,4.8,Media
Sevilla,Miercoles,13,Nublado,2,0,435,2.3,Baja
Alonso Martinez,Lunes,20,Soleado,7,0,349,5.0,Baja
Tribunal,Miercoles,10,Nublado,3,0,439,4.2,Baja
Alonso Martinez,Viernes,15,Lluvia,3,0,593,5.1,Media
Tribunal,Miercoles,19,Tormenta,6,0,1540,7.6,Alta
Noviciado,Miercoles,18,Lluvia,4,0,1055,8.2,Media
Tribunal,Miercoles,19,Nublado,3,0,1112,6.6,Media
Gran Via,Jueves,23,Lluvia,5,0,358,6.2,Media
Gran Via,Martes,22,Tormenta,8,0,657,7.2,Media
Retiro,Jueves,12,Soleado,7,0,650,4.8,Media
Embajadores,Domingo,18,Tormenta,3,0,148,3.9,Baja
Atocha,Lunes,10,Tormenta,8,0,342,4.0,Baja
Goya,Martes,22,Nublado,10,0,513,3.8,Baja
Atocha,Martes,5,Soleado,7,0,244,3.7,Baja
Bilbao,Martes,6,Lluvia,2,0,759,5.8,Media
Banco de Espana,Domingo,8,Nublado,5,0,170,3.8,Baja
Gran Via,Martes,12,Soleado,5,5,434,7.3,Media
Bilbao,Jueves,21,Lluvia,4,0,353,6.0,Media
Noviciado,Viernes,12,Nublado,2,5,741,9.0,Media
Lago,Viernes,20,Soleado,10,0,412,3.1,Baja
Sevilla,Domingo,20,Soleado,3,0,559,4.1,Baja
Quevedo,Lunes,22,Soleado,7,0,308,4.5,Baja
Callao,Miercoles,10,Soleado,10,0,398,2.4,Baja
Goya,Jueves,23,Soleado,6,0,506,4.6,Baja
Quevedo,Jueves,23,Nublado,3,0,252,4.2,Baja
Embajadores,Domingo,17,Tormenta,6,0,452,6.4,Media
Gran Via,Viernes,13,Lluvia,5,0,734,7.3,Media
Lago,Martes,10,Lluvia,2,0,364,6.0,Media
Principe de Vergara,Jueves,11,Soleado,8,0,577,3.7,Baja
Opera,Miercoles,11,Lluvia,4,0,519,6.3,Media
Bilbao,Viernes,7,Nublado,7,0,842,3.3,Media
Sol,Viernes,16,Tormenta,8,0,632,5.8,Media
Gran Via,Domingo,15,Soleado,10,0,532,2.5,Baja
Quevedo,Jueves,18,Tormenta,8,10,964,14.4,Alta
Principe de Vergara,Miercoles,6,Soleado,10,5,229,7.2,Media
Principe Pio,Viernes,10,Nublado,6,5,564,8.6,Media
Principe de Vergara,Martes,19,Lluvia,2,10,1299,21.3,Alta
Alonso Martinez,Martes,14,Lluvia,9,0,442,7.3,Media
Sol,Lunes,21,Lluvia,8,0,575,6.7,Media
Sol,Miercoles,14,Soleado,6,0,704,4.2,Media
Anton Martin,Miercoles,11,Tormenta,9,0,331,5.9,Media
Retiro,Miercoles,15,Soleado,6,5,365,9.0,Media
Alonso Martinez,Sabado,23,Soleado,2,0,570,4.4,Baja
Alonso Martinez,Sabado,15,Tormenta,2,0,452,6.2,Media
Opera,Sabado,21,Tormenta,4,0,670,6.6,Media
Lago,Martes,11,Lluvia,10,0,311,6.2,Media
Anton Martin,Lunes,6,Nublado,2,0,528,2.7,Baja
Embajadores,Sabado,22,Nublado,4,0,206,2.8,Baja
Quevedo,Jueves,14,Soleado,6,0,707,3.7,Media
Callao,Sabado,15,Tormenta,10,0,513,5.5,Media
Quevedo,Martes,14,Lluvia,9,5,464,9.1,Media
Principe Pio,Sabado,23,Nublado,7,5,427,7.0,Media
Lago,Sabado,7,Soleado,5,0,214,4.4,Baja
Plaza de Espana,Lunes,22,Nublado,6,0,464,2.5,Baja
Plaza de Espana,Jueves,19,Nublado,9,0,1367,2.9,Alta
Sevilla,Jueves,17,Nublado,5,0,917,3.0,Media
Embajadores,Miercoles,21,Lluvia,2,0,184,6.8,Media
Tribunal,Jueves,14,Nublado,9,0,482,2.6,Baja
Opera,Miercoles,14,Soleado,8,0,405,4.2,Baja
Embajadores,Sabado,21,Lluvia,2,0,389,6.4,Media
Bilbao,Viernes,13,Soleado,3,0,395,4.6,Baja
Opera,Jueves,9,Soleado,9,0,1094,4.0,Media
Callao,Lunes,14,Nublado,7,10,382,12.1,Alta
Bilbao,Sabado,5,Lluvia,9,0,296,4.3,Baja
Goya,Miercoles,12,Lluvia,8,0,488,7.2,Media
Retiro,Martes,22,Nublado,7,0,573,3.1,Baja
Goya,Viernes,14,Tormenta,8,0,567,7.5,Media
Retiro,Martes,12,Soleado,10,0,718,4.9,Media
Tribunal,Viernes,5,Lluvia,10,10,477,16.5,Alta
Alonso Martinez,Jueves,10,Lluvia,3,0,531,6.2,Media
Callao,Jueves,11,Nublado,6,0,252,4.6,Baja
Sol,Domingo,16,Soleado,8,0,445,2.2,Baja
Bilbao,Jueves,9,Soleado,3,0,1814,8.4,Alta
Plaza de Espana,Sabado,21,Lluvia,2,0,510,7.4,Media
Principe Pio,Lunes,18,Lluvia,4,0,1351,11.1,Alta
Goya,Sabado,21,Nublado,6,5,339,7.8,Media
Atocha,Jueves,19,Lluvia,7,20,1597,23.6,Alta
Atocha,Miercoles,8,Lluvia,4,5,725,9.3,Media
Noviciado,Miercoles,21,Lluvia,6,0,595,7.0,Media
Plaza de Espana,Viernes,8,Soleado,4,0,1058,7.1,Media
Banco de Espana,Viernes,17,Lluvia,6,10,1470,17.9,Alta
Embajadores,Martes,5,Tormenta,10,10,396,15.7,Alta
Sol,Sabado,13,Nublado,7,5,503,8.3,Media
Retiro,Lunes,14,Tormenta,7,20,327,27.0,Alta
Goya,Viernes,13,Soleado,7,0,475,2.6,Baja
Quevedo,Lunes,11,Tormenta,9,0,676,4.4,Media
Sevilla,Jueves,20,Tormenta,8,0,500,4.9,Baja
Sevilla,Jueves,10,Tormenta,6,0,344,6.0,Media
Principe de Vergara,Miercoles,8,Soleado,7,10,1001,12.5,Alta
Lago,Domingo,22,Lluvia,10,0,342,3.7,Baja
Quevedo,Lunes,11,Soleado,9,0,557,4.4,Baja
Gran Via,Lunes,19,Tormenta,2,0,1730,9.6,Alta
Retiro,Viernes,16,Soleado,9,0,458,2.9,Baja
Principe Pio,Viernes,12,Tormenta,9,10,558,18.1,Alta
Alonso Martinez,Sabado,14,Lluvia,9,10,260,15.7,Alta
Alonso Martinez,Miercoles,21,Soleado,5,0,331,3.2,Baja
Quevedo,Viernes,7,Soleado,7,0,1563,3.1,Alta
Principe Pio,Domingo,21,Soleado,5,0,352,3.0,Baja
Embajadores,Viernes,16,Nublado,7,0,542,4.1,Baja
Callao,Sabado,12,Lluvia,4,0,173,4.8,Baja
Alonso Martinez,Viernes,15,Lluvia,6,0,606,7.2,Media
Tribunal,Viernes,22,Soleado,8,0,439,2.2,Baja
Principe de Vergara,Lunes,23,Nublado,4,0,686,4.9,Media
Embajadores,Viernes,22,Nublado,6,5,725,7.3,Media
Principe de Vergara,Martes,22,Nublado,9,0,530,4.6,Baja
Bilbao,Lunes,9,Lluvia,6,0,1289,5.2,Alta
Lago,Lunes,5,Nublado,7,0,739,3.9,Media
Tribunal,Miercoles,14,Lluvia,9,0,657,6.3,Media
Lago,Martes,7,Soleado,3,0,722,4.2,Media
Bilbao,Sabado,18,Lluvia,4,0,314,7.3,Media
Callao,Jueves,15,Lluvia,7,0,533,6.1,Media
Retiro,Sabado,16,Tormenta,5,0,602,6.4,Media
Principe de Vergara,Martes,19,Tormenta,7,0,1224,5.2,Alta
Embajadores,Jueves,19,Tormenta,9,5,802,11.1,Alta
Principe Pio,Martes,21,Tormenta,2,0,644,7.1,Media
Banco de Espana,Lunes,15,Tormenta,3,0,446,4.5,Baja
Goya,Lunes,11,Nublado,6,0,589,2.3,Baja
Goya,Lunes,15,Soleado,6,5,360,7.5,Media
Anton Martin,Jueves,6,Nublado,4,0,329,3.2,Baja
Principe Pio,Lunes,23,Tormenta,8,0,306,5.4,Media
Lago,Lunes,16,Soleado,3,0,622,2.8,Media
Lago,Miercoles,14,Tormenta,9,0,466,3.3,Baja
Gran Via,Viernes,7,Soleado,10,0,1055,4.7,Media
Tribunal,Jueves,20,Soleado,4,20,476,24.4,Alta
Principe de Vergara,Jueves,19,Tormenta,5,0,1262,5.4,Alta
Atocha,Viernes,22,Soleado,9,0,166,2.4,Baja
Opera,Lunes,17,Nublado,2,5,1196,12.4,Alta
Retiro,Viernes,10,Soleado,5,0,715,2.5,Media
Embajadores,Viernes,13,Soleado,2,0,740,2.4,Media
Gran Via,Sabado,21,Tormenta,3,0,503,5.9,Media
Plaza de Espana,Jueves,17,Soleado,2,0,1226,4.3,Alta
Sol,Viernes,7,Tormenta,3,0,1856,8.3,Alta
Retiro,Sabado,21,Tormenta,2,0,589,4.7,Baja
Banco de Espana,Domingo,15,Soleado,3,0,299,2.1,Baja
Sevilla,Lunes,20,Soleado,8,0,430,2.7,Baja
Lago,Jueves,23,Tormenta,5,0,760,6.3,Media
Anton Martin,Domingo,10,Lluvia,6,0,700,6.4,Media
Retiro,Lunes,15,Tormenta,10,5,752,12.1,Alta
Sol,Miercoles,8,Tormenta,9,0,1031,6.4,Media
Goya,Sabado,23,Tormenta,5,10,575,16.1,Alta
Embajadores,Domingo,16,Nublado,2,0,421,4.7,Baja
Retiro,Viernes,9,Nublado,2,0,1237,7.6,Alta
Anton Martin,Sabado,23,Lluvia,5,0,404,5.1,Media
Lago,Sabado,5,Lluvia,5,0,545,5.5,Media
Embajadores,Sabado,7,Nublado,5,0,532,3.1,Baja
Banco de Espana,Miercoles,19,Nublado,5,0,1428,4.1,Alta
Anton Martin,Lunes,8,Tormenta,3,0,880,9.7,Media
Sol,Domingo,16,Lluvia,5,5,448,11.0,Alta
Bilbao,Martes,18,Soleado,9,5,1116,7.7,Media
Anton Martin,Sabado,11,Lluvia,4,0,345,7.6,Media
Noviciado,Miercoles,20,Lluvia,10,0,484,7.4,Media
Lago,Lunes,11,Soleado,5,0,414,2.4,Baja
Anton Martin,Domingo,15,Soleado,9,0,363,3.8,Baja
Sevilla,Domingo,11,Nublado,9,0,321,3.2,Baja
Anton Martin,Viernes,5,Tormenta,10,0,714,6.3,Media
Gran Via,Lunes,5,Lluvia,4,0,377,4.7,Baja
Banco de Espana,Domingo,6,Nublado,10,5,633,9.8,Media
Tribunal,Martes,10,Tormenta,5,0,506,5.6,Media
Gran Via,Martes,21,Nublado,6,0,480,3.2,Baja
Plaza de Espana,Sabado,19,Tormenta,7,0,369,4.2,Baja
Principe Pio,Miercoles,14,Tormenta,5,20,442,27.4,Alta
Alonso Martinez,Sabado,6,Lluvia,2,0,656,6.6,Media
Quevedo,Jueves,5,Nublado,3,0,536,4.5,Baja
Tribunal,Sabado,20,Nublado,3,0,671,3.2,Media
Principe Pio,Martes,6,Tormenta,5,5,428,8.7,Media
Principe Pio,Domingo,18,Lluvia,8,0,667,5.9,Media
Callao,Miercoles,19,Tormenta,5,0,1693,4.3,Alta
Atocha,Viernes,10,Soleado,7,10,501,12.6,Alta
Principe Pio,Viernes,6,Nublado,8,0,524,3.5,Baja
Banco de Espana,Sabado,13,Soleado,7,0,510,4.5,Baja
Tribunal,Domingo,6,Tormenta,2,0,414,6.5,Media
Quevedo,Lunes,17,Nublado,3,0,1358,7.1,Alta
Callao,Domingo,12,Soleado,2,0,655,2.2,Media
Tribunal,Miercoles,7,Lluvia,2,0,1240,7.9,Alta
Sevilla,Jueves,14,Tormenta,3,0,229,7.5,Media
Goya,Jueves,23,Nublado,8,0,695,3.0,Media
Lago,Jueves,7,Lluvia,7,0,1402,5.2,Alta
Embajadores,Martes,10,Lluvia,2,0,376,4.9,Baja
Anton Martin,Viernes,23,Soleado,8,5,425,9.7,Media
Noviciado,Miercoles,12,Lluvia,2,0,550,4.8,Baja
Atocha,Sabado,21,Tormenta,7,0,437,3.9,Baja
Callao,Miercoles,11,Soleado,3,0,519,4.7,Baja
Principe de Vergara,Sabado,16,Tormenta,9,0,492,6.0,Media
Principe Pio,Domingo,14,Tormenta,9,0,478,5.8,Media
Retiro,Viernes,13,Tormenta,6,0,406,6.7,Media
Alonso Martinez,Sabado,10,Lluvia,8,0,746,5.2,Media
Opera,Miercoles,12,Tormenta,5,0,460,6.0,Media
Goya,Martes,21,Lluvia,10,0,486,5.6,Media
Sevilla,Domingo,20,Tormenta,10,20,630,26.4,Alta
Principe Pio,Martes,18,Soleado,7,0,980,3.8,Media
Alonso Martinez,Martes,20,Tormenta,9,0,474,8.7,Media
Alonso Martinez,Sabado,22,Soleado,3,0,261,4.6,Baja
Sevilla,Viernes,8,Nublado,8,0,1658,3.8,Alta
Bilbao,Viernes,16,Tormenta,10,10,295,15.6,Alta
Lago,Sabado,11,Soleado,2,5,171,7.6,Media
Retiro,Miercoles,7,Lluvia,9,5,769,9.5,Media
Goya,Jueves,16,Nublado,8,0,576,4.2,Baja
Quevedo,Martes,10,Lluvia,2,10,307,14.9,Alta
Callao,Miercoles,22,Nublado,5,0,455,4.4,Baja
Bilbao,Domingo,19,Nublado,8,0,483,2.5,Baja
Quevedo,Viernes,16,Lluvia,9,0,576,5.8,Media
Anton Martin,Jueves,14,Soleado,10,0,319,3.6,Baja
Quevedo,Domingo,21,Tormenta,4,0,328,6.7,Media
Goya,Domingo,16,Soleado,6,0,372,2.7,Baja
Gran Via,Lunes,12,Lluvia,10,5,551,8.8,Media
Atocha,Domingo,17,Lluvia,10,0,527,6.0,Media
Embajadores,Jueves,20,Soleado,6,0,151,2.3,Baja
Gran Via,Miercoles,8,Lluvia,3,0,1550,8.6,Alta
Callao,Lunes,9,Soleado,2,5,915,13.7,Alta
Lago,Domingo,10,Tormenta,5,0,155,5.6,Media
Anton Martin,Miercoles,16,Lluvia,8,0,223,5.9,Media
Lago,Lunes,6,Soleado,5,0,613,4.3,Media
Plaza de Espana,Jueves,7,Lluvia,6,0,1261,5.5,Alta
Alonso Martinez,Miercoles,12,Tormenta,10,0,535,3.8,Baja
Retiro,Martes,23,Lluvia,9,10,241,17.7,Alta
Tribunal,Sabado,17,Nublado,3,0,238,3.0,Baja
Tribunal,Martes,22,Soleado,7,0,716,4.1,Media
Alonso Martinez,Domingo,13,Tormenta,3,0,210,6.2,Media
Principe Pio,Sabado,11,Soleado,5,0,529,4.0,Baja
Sevilla,Domingo,19,Tormenta,3,0,398,7.6,Media
Bilbao,Sabado,15,Soleado,9,0,616,4.3,Media
Plaza de Espana,Viernes,5,Tormenta,4,0,224,6.3,Media
Principe de Vergara,Martes,15,Lluvia,9,0,403,4.8,Baja
Goya,Martes,7,Soleado,9,0,1194,3.5,Media
Callao,Sabado,11,Tormenta,3,0,497,5.9,Media
Anton Martin,Sabado,16,Tormenta,8,5,571,11.5,Alta
Principe Pio,Lunes,13,Lluvia,8,0,580,8.2,Media
Callao,Viernes,16,Soleado,2,0,682,2.6,Media
Principe Pio,Domingo,18,Tormenta,6,0,291,5.6,Media
Callao,Sabado,21,Soleado,3,0,623,2.3,Media
Atocha,Sabado,12,Tormenta,9,0,199,6.9,Media
Callao,Lunes,22,Soleado,7,0,487,4.8,Baja
Noviciado,Sabado,5,Lluvia,3,0,539,4.5,Baja
Embajadores,Jueves,9,Tormenta,10,0,1541,3.2,Alta
Noviciado,Viernes,12,Lluvia,3,5,613,9.0,Media
Atocha,Lunes,15,Nublado,3,0,242,4.0,Baja
Sol,Lunes,11,Lluvia,7,10,541,15.7,Alta
Quevedo,Sabado,6,Tormenta,3,0,398,5.7,Media
Sevilla,Miercoles,19,Nublado,6,0,1331,4.3,Alta
Anton Martin,Sabado,14,Lluvia,8,0,499,5.6,Media
Quevedo,Miercoles,13,Nublado,8,0,683,3.0,Media
Gran Via,Jueves,22,Tormenta,7,0,417,7.5,Media
Callao,Domingo,16,Lluvia,7,10,672,18.8,Alta
Quevedo,Domingo,19,Tormenta,5,0,258,4.9,Baja
Bilbao,Domingo,17,Lluvia,2,0,528,7.5,Media
Banco de Espana,Jueves,14,Soleado,9,5,620,9.9,Media
Callao,Miercoles,23,Soleado,3,10,481,14.1,Alta
Principe de Vergara,Miercoles,13,Tormenta,7,0,549,5.0,Media
Banco de Espana,Miercoles,18,Lluvia,8,0,1131,5.2,Media
Plaza de Espana,Domingo,5,Lluvia,10,0,347,4.2,Baja
Lago,Sabado,5,Soleado,7,0,480,4.9,Baja
Retiro,Miercoles,14,Nublado,4,0,315,2.6,Baja
Plaza de Espana,Viernes,18,Nublado,2,20,712,24.7,Alta
Atocha,Miercoles,7,Lluvia,2,0,1767,9.6,Alta
Principe de Vergara,Sabado,13,Tormenta,5,10,610,15.7,Alta
Gran Via,Miercoles,20,Nublado,10,5,552,9.7,Media
Atocha,Sabado,16,Soleado,8,0,369,3.6,Baja
Sol,Lunes,7,Soleado,7,0,785,2.9,Media
Banco de Espana,Miercoles,5,Soleado,2,0,574,4.7,Baja
Retiro,Domingo,21,Nublado,4,0,515,3.8,Baja
Principe de Vergara,Miercoles,16,Lluvia,7,0,219,6.7,Media
Bilbao,Martes,11,Nublado,2,0,248,2.1,Baja
Retiro,Miercoles,15,Nublado,10,0,344,4.7,Baja
Banco de Espana,Lunes,20,Nublado,9,0,430,4.1,Baja
Opera,Martes,12,Nublado,10,0,510,2.2,Baja
Tribunal,Lunes,7,Tormenta,5,0,1735,6.9,Alta
Opera,Domingo,11,Lluvia,9,0,471,3.6,Baja
Principe Pio,Martes,18,Lluvia,4,0,1624,11.0,Alta
Banco de Espana,Lunes,22,Lluvia,3,0,399,6.5,Media
Goya,Sabado,23,Lluvia,8,0,554,6.0,Media
Quevedo,Viernes,21,Tormenta,9,0,592,6.1,Media
Anton Martin,Martes,23,Lluvia,4,0,559,6.3,Media
Goya,Miercoles,13,Nublado,6,0,436,4.3,Baja
Tribunal,Sabado,10,Soleado,4,10,666,12.6,Alta
Atocha,Lunes,19,Tormenta,3,0,1072,9.3,Media
Anton Martin,Sabado,12,Nublado,10,20,749,22.0,Alta
Alonso Martinez,Lunes,19,Tormenta,7,0,1600,8.0,Alta
Retiro,Domingo,19,Nublado,2,0,505,3.6,Baja
Gran Via,Martes,13,Soleado,9,0,380,2.4,Baja
Sevilla,Sabado,8,Nublado,8,0,506,3.3,Baja
Principe de Vergara,Viernes,14,Lluvia,3,0,534,4.8,Baja
Noviciado,Lunes,7,Lluvia,10,0,1334,7.0,Alta
Gran Via,Viernes,5,Lluvia,7,0,429,4.7,Baja
Sevilla,Sabado,19,Soleado,2,0,440,3.5,Baja
Lago,Lunes,22,Lluvia,7,0,461,4.9,Baja
Plaza de Espana,Miercoles,8,Lluvia,9,0,1548,6.9,Alta
Callao,Martes,9,Nublado,3,0,1188,5.7,Media
Anton Martin,Miercoles,18,Lluvia,3,0,1203,8.5,Alta
Alonso Martinez,Lunes,7,Lluvia,5,20,1446,27.8,Alta
Retiro,Viernes,10,Tormenta,9,5,222,12.1,Alta
Principe de Vergara,Sabado,10,Soleado,2,0,496,2.2,Baja
Anton Martin,Sabado,5,Soleado,2,0,269,3.5,Baja
Sol,Lunes,20,Lluvia,9,0,416,5.9,Media
Opera,Martes,6,Nublado,5,0,393,3.8,Baja
Plaza de Espana,Lunes,9,Tormenta,10,0,1237,8.3,Alta
Bilbao,Martes,17,Soleado,7,0,1801,4.5,Alta
Embajadores,Martes,7,Nublado,8,0,1559,4.4,Alta
Sol,Sabado,13,Nublado,6,0,595,2.4,Baja
Anton Martin,Jueves,18,Nublado,5,10,1479,14.7,Alta
Principe Pio,Jueves,14,Nublado,8,0,575,2.9,Baja
Principe Pio,Domingo,16,Soleado,6,0,710,3.2,Media
Bilbao,Miercoles,22,Lluvia,7,0,742,4.1,Media
Alonso Martinez,Martes,7,Soleado,8,0,1501,4.3,Alta
Principe de Vergara,Lunes,5,Soleado,10,0,486,2.4,Baja
Opera,Domingo,13,Lluvia,6,0,658,5.6,Media
Atocha,Martes,11,Nublado,8,0,394,4.8,Baja
Sevilla,Martes,7,Lluvia,7,0,1064,7.5,Media
Principe Pio,Martes,15,Tormenta,3,10,431,16.6,Alta
Sol,Jueves,5,Tormenta,3,20,537,27.3,Alta
Callao,Sabado,12,Tormenta,4,0,356,7.2,Media
Anton Martin,Miercoles,15,Soleado,5,0,357,2.0,Baja
Tribunal,Domingo,17,Lluvia,3,0,643,7.8,Media
Goya,Jueves,23,Soleado,4,0,456,2.6,Baja
Atocha,Jueves,19,Soleado,2,0,1004,6.8,Media
Tribunal,Martes,23,Lluvia,4,10,385,16.2,Alta
Noviciado,Domingo,7,Nublado,7,0,484,2.8,Baja
Callao,Jueves,9,Lluvia,4,5,1835,13.5,Alta
Principe de Vergara,Lunes,18,Nublado,3,5,696,8.8,Media
Plaza de Espana,Jueves,15,Lluvia,3,0,620,4.8,Media
Quevedo,Jueves,5,Soleado,4,0,690,3.5,Media
Alonso Martinez,Lunes,11,Tormenta,6,0,293,5.6,Media
Sol,Viernes,20,Soleado,9,0,440,3.4,Baja
Bilbao,Viernes,8,Lluvia,8,0,853,4.9,Media
Gran Via,Lunes,13,Soleado,5,0,316,4.1,Baja
Embajadores,Viernes,21,Nublado,2,0,481,5.0,Baja
Quevedo,Domingo,10,Soleado,9,0,458,4.0,Baja
Quevedo,Sabado,12,Tormenta,10,0,626,7.3,Media
Atocha,Viernes,9,Soleado,4,0,1009,8.1,Media
Banco de Espana,Miercoles,17,Tormenta,7,0,1543,6.3,Alta
Anton Martin,Lunes,20,Nublado,9,10,229,14.0,Alta
Embajadores,Sabado,10,Soleado,3,0,548,4.8,Baja
Goya,Miercoles,12,Tormenta,6,0,324,7.7,Media
Callao,Viernes,20,Tormenta,9,0,420,4.8,Baja
Opera,Martes,14,Soleado,10,0,465,4.6,Baja
Plaza de Espana,Martes,6,Lluvia,6,0,516,6.9,Media
Banco de Espana,Martes,13,Soleado,4,5,589,7.4,Media
Principe de Vergara,Jueves,5,Lluvia,2,0,404,8.3,Media
Tribunal,Domingo,5,Tormenta,7,0,499,7.8,Media
Sol,Jueves,8,Nublado,3,0,982,5.9,Media
Opera,Sabado,10,Soleado,8,0,322,3.2,Baja
Sol,Martes,18,Lluvia,9,10,1677,17.2,Alta
Principe Pio,Lunes,13,Tormenta,2,20,337,25.6,Alta
Noviciado,Martes,11,Tormenta,4,0,239,6.1,Media
Plaza de Espana,Martes,15,Soleado,4,10,216,13.2,Alta
Quevedo,Jueves,6,Soleado,4,0,239,4.8,Baja
Goya,Lunes,14,Nublado,4,0,276,3.5,Baja
Noviciado,Domingo,5,Nublado,8,0,178,4.2,Baja
Quevedo,Jueves,21,Lluvia,10,0,363,5.6,Media
Sevilla,Domingo,18,Lluvia,3,0,546,5.6,Media
Principe Pio,Martes,8,Lluvia,7,0,1399,6.3,Alta
Principe Pio,Domingo,6,Tormenta,10,0,286,5.4,Media
Sevilla,Viernes,22,Tormenta,8,0,455,6.2,Media
Embajadores,Domingo,20,Soleado,6,0,347,5.0,Baja
Callao,Domingo,10,Nublado,7,0,281,4.5,Baja
Callao,Domingo,20,Nublado,2,0,618,2.7,Media
Plaza de Espana,Miercoles,8,Tormenta,8,0,974,8.0,Media
Anton Martin,Martes,20,Soleado,4,0,629,2.7,Media
Noviciado,Lunes,23,Nublado,5,5,560,8.2,Media
Sol,Viernes,17,Lluvia,3,0,1131,11.6,Alta
Alonso Martinez,Jueves,7,Soleado,3,0,1232,7.3,Alta
Quevedo,Jueves,9,Tormenta,9,0,1771,7.5,Alta
Anton Martin,Lunes,10,Nublado,5,0,713,3.1,Media
Retiro,Lunes,22,Soleado,4,0,638,3.8,Media
Retiro,Domingo,7,Lluvia,7,0,407,5.8,Media
Plaza de Espana,Miercoles,13,Nublado,3,20,674,22.5,Alta
Principe Pio,Sabado,5,Soleado,10,0,596,2.4,Baja
Sevilla,Viernes,12,Soleado,2,0,624,4.7,Media
Noviciado,Lunes,5,Soleado,8,0,729,2.9,Media
Sevilla,Miercoles,22,Nublado,5,0,716,3.9,Media
Sol,Martes,5,Lluvia,4,0,425,6.2,Media
Plaza de Espana,Domingo,13,Nublado,7,0,390,4.3,Baja
Principe Pio,Sabado,9,Lluvia,10,0,487,6.5,Media
Principe Pio,Miercoles,18,Soleado,7,0,1761,3.8,Alta
Sol,Jueves,13,Nublado,9,0,238,4.2,Baja
Principe Pio,Viernes,23,Soleado,4,0,335,4.6,Baja
Banco de Espana,Martes,6,Soleado,10,5,371,7.5,Media
Gran Via,Sabado,18,Soleado,3,0,298,2.1,Baja
Lago,Viernes,18,Tormenta,5,0,1688,7.9,Alta
Tribunal,Martes,11,Lluvia,6,0,226,7.8,Media
Anton Martin,Lunes,20,Nublado,4,0,492,4.3,Baja
Retiro,Lunes,10,Lluvia,2,0,712,6.0,Media
Opera,Viernes,13,Tormenta,3,0,418,7.0,Media
Lago,Domingo,22,Lluvia,2,0,554,6.9,Media
Alonso Martinez,Martes,22,Soleado,5,20,632,24.3,Alta
Anton Martin,Sabado,12,Soleado,6,0,402,4.1,Baja
Sevilla,Miercoles,9,Tormenta,3,0,1185,6.7,Media
Opera,Domingo,6,Lluvia,6,0,226,7.4,Media
Embajadores,Viernes,6,Nublado,8,0,524,3.4,Baja
Callao,Lunes,10,Tormenta,3,10,165,18.3,Alta
Embajadores,Domingo,18,Lluvia,10,0,379,6.2,Media
Noviciado,Viernes,7,Lluvia,9,0,1452,6.2,Alta
Opera,Viernes,10,Soleado,3,0,777,4.9,Media
Lago,Lunes,6,Nublado,9,0,583,2.7,Baja
Banco de Espana,Miercoles,11,Tormenta,9,0,336,7.0,Media
Plaza de Espana,Miercoles,5,Lluvia,7,5,446,11.1,Alta
Embajadores,Jueves,10,Tormenta,8,0,630,6.2,Media
Sol,Domingo,14,Lluvia,5,0,567,7.1,Media
Gran Via,Domingo,10,Lluvia,9,0,425,6.0,Media
Sevilla,Jueves,14,Nublado,3,0,709,4.7,Media
Anton Martin,Miercoles,12,Lluvia,3,10,335,16.0,Alta
Noviciado,Sabado,7,Lluvia,4,0,344,6.1,Media
Opera,Miercoles,16,Lluvia,5,0,626,5.0,Media
Principe Pio,Lunes,9,Soleado,7,0,1120,2.8,Media
Callao,Lunes,10,Tormenta,9,5,538,12.0,Alta
Retiro,Jueves,9,Soleado,9,0,1561,4.2,Alta
Goya,Martes,16,Nublado,6,0,253,4.8,Baja
Sevilla,Miercoles,13,Tormenta,6,0,383,5.4,Media
Goya,Lunes,7,Nublado,4,0,899,6.5,Media
Quevedo,Sabado,12,Lluvia,5,10,508,15.2,Alta
Alonso Martinez,Jueves,6,Lluvia,4,0,605,7.4,Media
Principe Pio,Martes,11,Tormenta,9,0,441,5.2,Media
Alonso Martinez,Martes,6,Lluvia,2,0,532,6.9,Media
Tribunal,Miercoles,22,Tormenta,8,0,249,6.7,Media
Goya,Miercoles,13,Nublado,7,0,513,4.7,Baja
Callao,Miercoles,17,Soleado,9,0,917,2.7,Media
Lago,Domingo,8,Tormenta,4,0,512,5.7,Media
Alonso Martinez,Domingo,9,Nublado,6,0,393,3.5,Baja
Goya,Domingo,16,Tormenta,10,0,310,4.4,Baja
Lago,Viernes,19,Tormenta,8,0,964,4.5,Media
Embajadores,Miercoles,16,Tormenta,4,0,182,4.5,Baja
Lago,Martes,12,Tormenta,7,0,350,4.6,Baja
Plaza de Espana,Jueves,17,Soleado,5,0,811,2.7,Media
Bilbao,Sabado,22,Lluvia,9,0,450,5.9,Media
Noviciado,Domingo,22,Tormenta,3,0,558,6.2,Media
Alonso Martinez,Lunes,20,Nublado,6,0,668,3.9,Media
Plaza de Espana,Martes,23,Soleado,7,0,454,2.4,Baja
Banco de Espana,Sabado,20,Soleado,9,0,565,2.1,Baja
Quevedo,Viernes,23,Soleado,10,0,340,5.0,Baja
Bilbao,Domingo,17,Tormenta,2,0,350,7.0,Media
Banco de Espana,Martes,22,Lluvia,3,0,293,7.0,Media
Noviciado,Miercoles,5,Lluvia,2,0,611,7.8,Media
Plaza de Espana,Jueves,14,Soleado,4,0,272,4.1,Baja
Callao,Viernes,15,Soleado,8,0,614,3.2,Media
Gran Via,Miercoles,19,Nublado,8,0,1303,2.6,Alta
Bilbao,Martes,16,Lluvia,2,0,272,8.1,Media
Opera,Viernes,10,Soleado,6,5,355,8.4,Media
Sol,Lunes,12,Tormenta,5,5,440,10.6,Alta
Bilbao,Sabado,7,Lluvia,2,0,358,5.4,Media
Retiro,Domingo,14,Tormenta,6,0,416,7.6,Media
Goya,Lunes,12,Lluvia,10,0,238,6.2,Media
Retiro,Lunes,17,Lluvia,4,0,1518,11.1,Alta
Gran Via,Lunes,13,Soleado,8,0,483,4.9,Baja
Quevedo,Jueves,21,Tormenta,10,0,409,6.9,Media
Lago,Jueves,19,Nublado,5,0,1636,4.9,Alta
Retiro,Jueves,23,Tormenta,8,0,409,6.1,Media
Plaza de Espana,Jueves,22,Lluvia,9,0,560,6.7,Media
Callao,Viernes,13,Lluvia,6,0,272,7.2,Media
Principe de Vergara,Jueves,19,Soleado,2,0,1244,7.4,Alta
Sol,Jueves,9,Nublado,2,5,1145,10.5,Alta
Quevedo,Jueves,9,Lluvia,6,0,1095,6.3,Media
Lago,Lunes,6,Lluvia,3,0,255,5.9,Media
Bilbao,Sabado,10,Tormenta,6,0,501,7.1,Media
Alonso Martinez,Lunes,7,Lluvia,10,0,1009,5.2,Media
Embajadores,Jueves,6,Tormenta,5,0,447,4.2,Baja
Plaza de Espana,Sabado,22,Nublado,2,0,745,3.7,Media
Goya,Martes,11,Lluvia,4,0,215,7.3,Media
Lago,Sabado,14,Lluvia,5,0,407,4.8,Baja
Embajadores,Miercoles,18,Tormenta,6,0,1149,7.0,Media
Anton Martin,Viernes,13,Lluvia,3,0,173,6.5,Media
Lago,Martes,21,Nublado,7,10,127,14.7,Alta
Principe de Vergara,Martes,19,Lluvia,4,5,1219,14.6,Alta
Plaza de Espana,Domingo,22,Tormenta,4,0,759,6.9,Media
Sol,Sabado,17,Tormenta,10,0,436,5.5,Media
Sol,Martes,22,Tormenta,5,20,309,25.7,Alta
Alonso Martinez,Martes,20,Tormenta,9,0,230,7.3,Media
Principe Pio,Martes,18,Tormenta,3,0,1898,7.0,Alta
Goya,Domingo,14,Nublado,5,0,527,2.3,Baja
Principe de Vergara,Jueves,10,Lluvia,8,10,491,14.9,Alta
Lago,Martes,21,Tormenta,3,0,663,8.7,Media
Lago,Lunes,16,Soleado,5,0,533,2.1,Baja
Retiro,Martes,13,Soleado,10,0,439,4.9,Baja
Sol,Domingo,8,Nublado,9,0,461,2.9,Baja
Principe de Vergara,Lunes,15,Lluvia,9,0,385,6.1,Media
Tribunal,Domingo,9,Lluvia,4,0,499,7.1,Media
Noviciado,Sabado,9,Nublado,5,0,667,2.5,Media
Sol,Sabado,20,Soleado,7,0,518,4.2,Baja
Plaza de Espana,Miercoles,15,Nublado,3,0,576,2.0,Baja
Sevilla,Sabado,6,Tormenta,8,5,559,11.8,Alta
Goya,Viernes,6,Lluvia,2,5,480,11.8,Alta
Sol,Domingo,14,Tormenta,4,0,512,5.8,Media
Sevilla,Miercoles,14,Nublado,5,0,511,4.0,Baja
Principe de Vergara,Miercoles,12,Lluvia,10,0,384,7.7,Media
Retiro,Lunes,11,Lluvia,2,0,528,5.0,Baja
Atocha,Domingo,6,Tormenta,7,0,428,5.0,Baja
Tribunal,Domingo,15,Tormenta,4,0,588,5.3,Media
Plaza de Espana,Lunes,7,Nublado,7,0,937,3.6,Media
Opera,Martes,11,Lluvia,2,0,592,4.9,Baja
Opera,Lunes,22,Lluvia,7,0,445,5.8,Media
Callao,Jueves,17,Tormenta,2,0,1369,9.9,Alta
Tribunal,Viernes,5,Nublado,5,0,469,4.7,Baja
Opera,Lunes,17,Nublado,9,0,1545,3.4,Alta
Banco de Espana,Domingo,18,Lluvia,3,0,314,4.0,Baja
Callao,Viernes,19,Soleado,4,0,1829,5.8,Alta
Principe Pio,Domingo,9,Lluvia,9,10,490,17.9,Alta
Sevilla,Sabado,17,Soleado,5,0,557,3.8,Baja
Bilbao,Jueves,12,Soleado,9,0,599,4.0,Baja
Bilbao,Miercoles,14,Tormenta,5,0,264,4.6,Baja
Opera,Martes,7,Lluvia,9,0,957,4.5,Media
Bilbao,Lunes,23,Soleado,10,0,462,3.5,Baja
Alonso Martinez,Viernes,11,Soleado,4,0,690,2.6,Media
Atocha,Viernes,7,Tormenta,10,5,1279,11.3,Alta
Tribunal,Jueves,10,Lluvia,7,0,547,5.6,Media
Tribunal,Lunes,11,Soleado,2,0,489,2.1,Baja
Bilbao,Jueves,16,Tormenta,10,10,244,18.0,Alta
Principe Pio,Sabado,12,Tormenta,4,0,651,5.6,Media
Anton Martin,Miercoles,6,Soleado,9,0,173,4.9,Baja
Bilbao,Viernes,18,Tormenta,9,5,1433,13.6,Alta
Gran Via,Viernes,11,Lluvia,5,0,321,5.7,Media
Gran Via,Domingo,20,Nublado,10,0,515,3.2,Baja
Goya,Martes,17,Lluvia,5,0,1428,5.1,Alta
Plaza de Espana,Viernes,13,Lluvia,2,0,376,3.8,Baja
Sol,Martes,9,Tormenta,3,0,1573,10.1,Alta
Plaza de Espana,Lunes,9,Nublado,8,0,978,4.2,Media
Gran Via,Martes,20,Nublado,6,0,378,2.6,Baja
Lago,Sabado,8,Soleado,5,0,531,4.5,Baja
Tribunal,Sabado,18,Soleado,6,5,507,8.8,Media
Opera,Jueves,7,Lluvia,5,10,1549,17.8,Alta
Atocha,Jueves,19,Nublado,5,0,952,4.0,Media
Lago,Martes,15,Soleado,7,0,309,3.4,Baja
Principe Pio,Viernes,6,Lluvia,10,0,496,3.8,Baja
Callao,Domingo,17,Tormenta,5,0,227,5.1,Media
Principe Pio,Domingo,11,Lluvia,2,0,285,5.9,Media
Plaza de Espana,Miercoles,13,Soleado,2,0,197,3.1,Baja
Sol,Lunes,14,Tormenta,5,0,510,4.5,Baja
Anton Martin,Domingo,5,Soleado,9,0,152,2.8,Baja
Tribunal,Viernes,20,Tormenta,5,5,537,10.6,Alta
Noviciado,Miercoles,15,Soleado,6,10,506,14.7,Alta
Callao,Jueves,18,Tormenta,8,0,1182,4.1,Media
Embajadores,Jueves,21,Nublado,7,5,348,9.8,Media
Principe de Vergara,Jueves,16,Lluvia,4,0,645,5.4,Media
Gran Via,Viernes,11,Soleado,5,0,548,3.7,Baja
Goya,Sabado,8,Nublado,8,5,541,9.2,Media
Embajadores,Viernes,8,Soleado,7,0,1298,2.7,Alta
Plaza de Espana,Jueves,10,Nublado,8,20,378,23.5,Alta
Noviciado,Lunes,23,Lluvia,6,0,495,5.3,Media
Alonso Martinez,Miercoles,8,Soleado,3,0,1873,5.3,Alta
Retiro,Jueves,14,Soleado,4,0,534,3.8,Baja
Principe de Vergara,Viernes,5,Soleado,7,0,356,4.2,Baja
Tribunal,Lunes,20,Nublado,10,0,461,4.5,Baja
Callao,Jueves,10,Nublado,10,0,724,4.7,Media
Lago,Sabado,18,Soleado,7,0,668,2.0,Media
Atocha,Jueves,11,Lluvia,7,0,477,6.7,Media
Embajadores,Sabado,17,Lluvia,10,0,556,5.7,Media
Anton Martin,Sabado,20,Soleado,4,0,545,3.4,Baja
Sevilla,Lunes,12,Tormenta,8,0,334,6.5,Media
Plaza de Espana,Lunes,10,Nublado,9,0,571,3.9,Baja
Bilbao,Martes,11,Tormenta,2,0,475,5.8,Media
Opera,Sabado,17,Soleado,10,0,118,3.0,Baja
Principe de Vergara,Miercoles,17,Nublado,9,0,1428,3.6,Alta
Tribunal,Sabado,20,Tormenta,9,0,363,4.6,Baja
Goya,Lunes,6,Soleado,10,0,463,4.5,Baja
Banco de Espana,Domingo,21,Soleado,3,10,452,14.5,Alta
Sevilla,Jueves,21,Lluvia,2,5,160,11.0,Alta
Quevedo,Miercoles,19,Tormenta,10,0,1039,8.8,Media
Alonso Martinez,Martes,11,Soleado,9,0,412,2.0,Baja
Atocha,Domingo,20,Lluvia,10,0,736,4.8,Media
Gran Via,Sabado,16,Soleado,4,0,409,4.6,Baja
Sol,Domingo,17,Lluvia,9,0,663,5.7,Media
Goya,Miercoles,22,Tormenta,6,10,463,15.8,Alta
Quevedo,Lunes,20,Soleado,10,0,328,2.2,Baja
Alonso Martinez,Miercoles,18,Lluvia,4,0,1159,7.1,Media
Plaza de Espana,Viernes,20,Tormenta,2,0,314,5.8,Media
Plaza de Espana,Martes,22,Tormenta,2,0,515,5.2,Media
Goya,Miercoles,19,Soleado,7,0,1370,3.5,Alta
Sevilla,Jueves,5,Nublado,7,0,528,3.5,Baja
Banco de Espana,Sabado,14,Lluvia,6,0,467,6.7,Media
Noviciado,Sabado,11,Lluvia,2,0,560,5.9,Media
Quevedo,Martes,17,Soleado,4,0,783,4.7,Media
Tribunal,Martes,6,Tormenta,7,0,119,4.4,Baja
Principe Pio,Lunes,15,Nublado,7,10,622,12.5,Alta
Tribunal,Jueves,10,Nublado,8,0,428,2.6,Baja
Callao,Martes,15,Nublado,8,0,462,2.8,Baja
Tribunal,Viernes,5,Lluvia,7,0,459,8.0,Media
Goya,Sabado,11,Nublado,5,0,399,2.3,Baja
Atocha,Martes,18,Tormenta,10,0,1536,5.6,Alta
Embajadores,Martes,14,Tormenta,8,0,559,5.2,Media
Plaza de Espana,Lunes,14,Tormenta,9,0,561,7.2,Media
Gran Via,Domingo,13,Soleado,6,0,239,4.3,Baja
Callao,Martes,19,Soleado,3,0,1163,6.9,Media
Plaza de Espana,Lunes,9,Soleado,9,0,1288,2.8,Alta
Gran Via,Lunes,18,Tormenta,6,0,1657,6.2,Alta
Sol,Miercoles,22,Nublado,6,0,310,2.5,Baja
Anton Martin,Martes,17,Soleado,8,0,987,5.0,Media
Lago,Jueves,6,Soleado,7,10,417,13.1,Alta
Goya,Viernes,11,Lluvia,8,0,692,4.8,Media
Anton Martin,Martes,10,Tormenta,10,0,497,5.9,Media
Anton Martin,Viernes,6,Nublado,10,0,625,4.4,Media
Tribunal,Miercoles,17,Lluvia,5,0,845,7.4,Media
Gran Via,Viernes,20,Tormenta,4,0,437,5.3,Media
Lago,Viernes,5,Lluvia,8,20,407,26.5,Alta
Anton Martin,Miercoles,8,Nublado,5,0,933,4.0,Media
Tribunal,Martes,7,Nublado,8,0,1044,3.8,Media
Atocha,Viernes,20,Lluvia,3,0,531,4.6,Baja
Banco de Espana,Domingo,17,Soleado,10,0,450,2.7,Baja
Anton Martin,Miercoles,6,Soleado,9,5,286,9.0,Media
Principe de Vergara,Domingo,6,Soleado,9,10,557,15.0,Alta
Embajadores,Miercoles,11,Nublado,5,0,286,3.5,Baja
Alonso Martinez,Sabado,11,Nublado,7,0,484,4.8,Baja
Quevedo,Viernes,11,Nublado,5,0,291,3.6,Baja
Noviciado,Sabado,8,Tormenta,8,0,255,5.8,Media
Sevilla,Sabado,23,Nublado,5,0,547,3.0,Baja
Callao,Miercoles,22,Soleado,10,0,608,2.7,Media
Principe de Vergara,Sabado,13,Soleado,8,5,574,7.1,Media
Callao,Lunes,15,Soleado,7,0,510,4.4,Baja
Sol,Jueves,12,Lluvia,7,0,231,4.9,Baja
Goya,Lunes,10,Lluvia,6,0,526,6.9,Media
Principe de Vergara,Sabado,15,Lluvia,10,5,315,12.8,Alta
Anton Martin,Domingo,10,Tormenta,2,0,720,6.2,Media
Quevedo,Martes,9,Tormenta,7,0,999,6.4,Media
Plaza de Espana,Sabado,8,Soleado,6,0,378,3.2,Baja
Sol,Martes,11,Tormenta,5,10,372,17.2,Alta
Anton Martin,Lunes,10,Tormenta,8,0,529,8.4,Media
Goya,Domingo,12,Nublado,7,0,180,3.7,Baja
Atocha,Domingo,12,Tormenta,9,0,631,5.8,Media
Banco de Espana,Viernes,21,Soleado,7,0,514,3.3,Baja
Goya,Domingo,13,Nublado,3,10,180,13.9,Alta
Banco de Espana,Viernes,6,Tormenta,10,0,418,5.3,Media
Plaza de Espana,Martes,7,Soleado,10,0,954,2.9,Media
Alonso Martinez,Jueves,20,Tormenta,9,0,491,7.4,Media
Anton Martin,Lunes,22,Lluvia,2,0,319,4.4,Baja
Sol,Martes,14,Lluvia,7,0,634,3.6,Media
Sevilla,Sabado,6,Lluvia,4,0,440,5.6,Media
Sevilla,Miercoles,7,Soleado,6,0,1526,2.2,Alta
Principe de Vergara,Martes,7,Tormenta,7,0,1235,8.4,Alta
Quevedo,Martes,11,Tormenta,8,0,374,6.1,Media
Lago,Jueves,10,Tormenta,5,0,365,5.5,Media
Embajadores,Viernes,7,Lluvia,6,5,1684,8.7,Alta
Embajadores,Viernes,18,Lluvia,9,0,1370,6.2,Alta
Retiro,Jueves,12,Soleado,9,0,412,4.5,Baja
Principe de Vergara,Sabado,16,Tormenta,9,0,542,5.8,Media
Embajadores,Martes,14,Soleado,6,0,619,4.6,Media
Noviciado,Lunes,16,Tormenta,8,0,567,8.6,Media
Plaza de Espana,Martes,15,Lluvia,7,0,282,5.0,Baja
Principe Pio,Jueves,10,Tormenta,3,0,428,3.7,Baja
Anton Martin,Domingo,7,Tormenta,8,0,421,5.1,Media
Gran Via,Lunes,21,Lluvia,3,0,509,5.5,Media
Opera,Lunes,12,Soleado,4,0,517,3.3,Baja
Gran Via,Viernes,9,Soleado,7,0,1115,2.8,Media
Quevedo,Viernes,11,Nublado,2,0,300,4.6,Baja
Plaza de Espana,Jueves,9,Nublado,8,0,1633,4.6,Alta
Callao,Miercoles,13,Tormenta,5,5,593,12.1,Alta
Principe de Vergara,Lunes,16,Tormenta,9,0,613,5.3,Media
Plaza de Espana,Martes,11,Nublado,10,0,120,2.6,Baja
Principe de Vergara,Lunes,20,Soleado,10,0,400,4.5,Baja
Quevedo,Martes,12,Tormenta,2,10,579,15.8,Alta
Bilbao,Martes,5,Soleado,3,0,240,5.0,Baja
Sevilla,Lunes,16,Nublado,4,0,251,3.4,Baja
Banco de Espana,Lunes,17,Nublado,9,5,1340,8.9,Alta
Atocha,Viernes,15,Lluvia,2,0,606,7.4,Media
Bilbao,Lunes,20,Tormenta,9,0,372,6.1,Media
Sevilla,Jueves,16,Tormenta,9,0,546,7.0,Media
Plaza de Espana,Sabado,15,Lluvia,8,0,365,7.6,Media
Sol,Domingo,22,Lluvia,3,0,280,6.5,Media
Banco de Espana,Miercoles,6,Nublado,8,0,391,3.3,Baja
Retiro,Jueves,16,Lluvia,7,0,493,5.9,Media
Embajadores,Lunes,21,Soleado,9,0,533,2.0,Baja
Sevilla,Lunes,23,Nublado,10,0,393,2.7,Baja
Bilbao,Lunes,8,Nublado,4,5,941,12.2,Alta
Retiro,Viernes,7,Tormenta,8,0,1698,6.4,Alta
Goya,Jueves,14,Lluvia,9,0,743,8.8,Media
Quevedo,Martes,22,Tormenta,2,0,435,4.8,Baja
Gran Via,Jueves,21,Tormenta,2,10,333,17.9,Alta
Sevilla,Sabado,20,Lluvia,8,0,439,7.5,Media
Quevedo,Sabado,5,Soleado,3,0,455,3.7,Baja
Quevedo,Viernes,13,Tormenta,4,0,561,6.9,Media
Anton Martin,Sabado,23,Nublado,8,0,688,5.0,Media
Banco de Espana,Jueves,14,Tormenta,6,0,233,5.3,Media
Callao,Jueves,23,Nublado,8,0,362,3.1,Baja
Anton Martin,Jueves,6,Nublado,2,5,529,7.6,Media
Opera,Domingo,13,Tormenta,2,0,485,5.4,Media
Lago,Martes,11,Tormenta,9,0,647,3.9,Media
Quevedo,Lunes,21,Soleado,7,0,724,3.5,Media
Bilbao,Viernes,19,Tormenta,4,0,950,6.5,Media
Sol,Sabado,8,Tormenta,10,0,656,4.1,Media
Banco de Espana,Jueves,12,Lluvia,3,0,504,5.0,Media
Principe Pio,Miercoles,20,Lluvia,4,0,506,6.7,Media
Sevilla,Miercoles,20,Lluvia,9,0,289,6.1,Media
Opera,Lunes,9,Soleado,3,0,981,6.8,Media
Goya,Domingo,10,Soleado,6,0,345,2.7,Baja
Quevedo,Lunes,14,Lluvia,10,0,199,6.8,Media
Sol,Domingo,14,Lluvia,8,10,341,13.5,Alta
Goya,Sabado,18,Soleado,4,0,580,3.5,Baja
Goya,Jueves,6,Tormenta,4,20,257,26.5,Alta
Anton Martin,Martes,20,Tormenta,10,0,459,5.7,Media
Callao,Viernes,6,Nublado,3,0,390,4.3,Baja
Tribunal,Domingo,6,Tormenta,5,0,692,6.6,Media
Plaza de Espana,Sabado,18,Lluvia,3,0,457,6.0,Media
Callao,Jueves,11,Nublado,7,0,593,4.4,Baja
Gran Via,Domingo,5,Lluvia,5,0,540,7.2,Media
Lago,Sabado,21,Lluvia,9,0,653,5.9,Media
Atocha,Jueves,10,Lluvia,5,20,621,27.3,Alta
Embajadores,Sabado,18,Soleado,9,0,267,3.7,Baja
Principe Pio,Jueves,13,Soleado,7,0,393,4.1,Baja
Noviciado,Sabado,11,Tormenta,7,0,492,5.2,Media
Opera,Domingo,13,Nublado,7,0,303,3.1,Baja
Noviciado,Sabado,5,Nublado,9,20,451,22.3,Alta
Gran Via,Sabado,19,Soleado,4,10,491,13.1,Alta
Principe de Vergara,Sabado,14,Tormenta,5,0,596,5.0,Media
Banco de Espana,Domingo,6,Tormenta,9,0,485,5.4,Media
Lago,Miercoles,18,Lluvia,5,0,1220,5.5,Alta
Plaza de Espana,Sabado,19,Nublado,4,5,653,9.3,Media
Gran Via,Sabado,16,Tormenta,8,0,257,4.5,Baja
Sevilla,Sabado,15,Soleado,4,0,366,3.2,Baja
Banco de Espana,Domingo,16,Tormenta,7,0,466,5.9,Media
Atocha,Miercoles,15,Nublado,4,5,567,7.0,Media
Alonso Martinez,Sabado,21,Soleado,4,0,283,2.7,Baja
Lago,Miercoles,14,Nublado,4,0,341,4.4,Baja
Noviciado,Viernes,12,Tormenta,8,0,501,6.3,Media
Atocha,Martes,17,Soleado,4,0,939,6.5,Media
Opera,Martes,22,Tormenta,3,5,378,10.8,Alta
Bilbao,Viernes,22,Lluvia,8,0,242,5.3,Media
Atocha,Domingo,12,Tormenta,7,0,668,6.1,Media
Embajadores,Miercoles,8,Soleado,7,0,1856,4.6,Alta
Alonso Martinez,Jueves,23,Lluvia,5,0,398,3.6,Baja
Banco de Espana,Sabado,17,Soleado,2,0,255,4.5,Baja
Quevedo,Jueves,17,Nublado,6,0,1172,3.1,Media
Lago,Lunes,13,Tormenta,2,20,492,27.1,Alta
Principe Pio,Miercoles,10,Soleado,3,0,527,3.4,Baja
Banco de Espana,Viernes,7,Soleado,2,0,1805,6.9,Alta
Alonso Martinez,Sabado,9,Tormenta,9,0,186,6.2,Media
Alonso Martinez,Miercoles,18,Nublado,5,0,1396,2.6,Alta
Banco de Espana,Sabado,5,Soleado,6,0,416,4.4,Baja
Lago,Domingo,9,Tormenta,9,0,360,6.6,Media
Sevilla,Domingo,22,Nublado,6,0,137,2.4,Baja
Noviciado,Miercoles,16,Soleado,2,5,448,9.2,Media
Sevilla,Jueves,6,Lluvia,9,0,472,7.9,Media
Principe Pio,Sabado,11,Tormenta,7,0,723,6.6,Media
Principe de Vergara,Jueves,13,Lluvia,2,0,536,6.1,Media
Lago,Martes,20,Soleado,3,0,625,3.1,Media
Atocha,Miercoles,14,Nublado,8,0,241,4.8,Baja
Banco de Espana,Domingo,5,Lluvia,2,0,378,5.7,Media
Embajadores,Domingo,11,Soleado,6,0,513,4.0,Baja
Principe Pio,Viernes,6,Nublado,7,0,363,5.0,Baja
Lago,Martes,18,Soleado,6,0,1147,3.6,Media
Bilbao,Jueves,5,Soleado,4,0,726,4.8,Media
Sevilla,Sabado,11,Soleado,9,0,687,2.5,Media
Anton Martin,Martes,18,Nublado,3,0,1597,7.2,Alta
Gran Via,Lunes,9,Tormenta,8,0,1243,5.8,Alta
Banco de Espana,Sabado,12,Lluvia,6,0,389,5.4,Media
Sol,Miercoles,18,Lluvia,6,0,1695,4.1,Alta
Noviciado,Miercoles,16,Tormenta,4,0,735,6.8,Media
Opera,Jueves,7,Soleado,3,0,1751,5.9,Alta
Quevedo,Sabado,15,Soleado,4,0,407,3.2,Baja
Retiro,Lunes,6,Nublado,4,5,236,9.5,Media
Tribunal,Sabado,22,Nublado,2,10,330,14.9,Alta
Bilbao,Miercoles,15,Tormenta,5,0,656,7.5,Media
Principe de Vergara,Miercoles,22,Nublado,10,10,407,14.0,Alta
Noviciado,Viernes,19,Lluvia,2,0,1694,7.6,Alta
Sol,Lunes,17,Lluvia,5,0,1173,7.8,Media
Anton Martin,Martes,21,Tormenta,3,0,790,6.3,Media
Lago,Viernes,16,Soleado,4,5,415,8.0,Media
Anton Martin,Martes,11,Soleado,3,0,356,4.0,Baja
Anton Martin,Jueves,22,Soleado,10,0,752,4.6,Media
Embajadores,Jueves,15,Nublado,6,0,563,2.8,Baja
Atocha,Martes,17,Lluvia,6,5,1008,10.3,Alta
Retiro,Jueves,12,Soleado,3,0,405,3.7,Baja
Retiro,Viernes,22,Tormenta,3,0,407,4.4,Baja
Lago,Miercoles,12,Tormenta,2,0,608,6.3,Media
Goya,Domingo,23,Lluvia,6,20,469,24.5,Alta
Opera,Jueves,6,Nublado,6,0,441,3.1,Baja
Lago,Domingo,9,Soleado,9,0,514,2.6,Baja
Plaza de Espana,Jueves,19,Soleado,7,5,1483,7.2,Alta
Embajadores,Miercoles,9,Nublado,2,0,1266,7.6,Alta
Gran Via,Sabado,23,Lluvia,4,0,595,7.9,Media
Plaza de Espana,Viernes,6,Soleado,5,0,341,2.4,Baja
Retiro,Miercoles,11,Tormenta,8,0,401,4.4,Baja
Principe de Vergara,Lunes,9,Tormenta,6,0,1196,3.6,Media
Tribunal,Jueves,5,Tormenta,3,0,475,5.8,Media
Bilbao,Sabado,7,Tormenta,6,10,309,16.4,Alta
Plaza de Espana,Lunes,7,Lluvia,3,0,1499,8.5,Alta
Principe Pio,Sabado,10,Lluvia,10,0,544,7.3,Media
Gran Via,Lunes,12,Lluvia,8,0,662,8.2,Media
Principe de Vergara,Jueves,13,Tormenta,2,0,314,5.3,Media
Plaza de Espana,Viernes,8,Nublado,2,5,999,12.4,Alta
Principe de Vergara,Martes,13,Soleado,2,0,551,3.8,Baja
Noviciado,Jueves,5,Lluvia,9,0,581,5.2,Media
Sol,Domingo,20,Nublado,4,20,292,23.1,Alta
Principe Pio,Martes,9,Soleado,5,5,1203,7.3,Alta
Callao,Miercoles,14,Nublado,4,0,374,3.3,Baja
Sevilla,Martes,20,Nublado,9,20,271,23.6,Alta
Callao,Lunes,10,Nublado,9,0,559,2.4,Baja
Banco de Espana,Lunes,12,Lluvia,5,0,466,8.6,Media
Lago,Martes,13,Lluvia,6,0,332,4.8,Baja
Gran Via,Lunes,5,Lluvia,6,0,331,8.5,Media
Embajadores,Miercoles,9,Soleado,6,0,1931,3.8,Alta
Atocha,Domingo,7,Nublado,10,0,513,4.6,Baja
Callao,Lunes,10,Lluvia,2,0,312,5.6,Media
Lago,Viernes,17,Tormenta,8,0,1021,7.5,Media
Goya,Martes,16,Lluvia,6,0,499,4.3,Baja
Sol,Lunes,12,Lluvia,4,0,596,7.9,Media
Retiro,Miercoles,6,Tormenta,2,0,430,7.0,Media
Anton Martin,Domingo,11,Tormenta,8,0,280,7.0,Media
Atocha,Viernes,11,Lluvia,9,10,180,16.3,Alta
Principe Pio,Domingo,14,Nublado,10,0,401,4.9,Baja
Opera,Sabado,14,Nublado,2,0,452,3.6,Baja
Alonso Martinez,Domingo,8,Soleado,9,5,242,7.1,Media
Embajadores,Viernes,8,Lluvia,8,0,1303,7.3,Alta
Goya,Viernes,20,Tormenta,6,0,354,6.8,Media
Sevilla,Lunes,21,Lluvia,6,0,537,5.7,Media
Opera,Domingo,21,Soleado,8,20,138,22.3,Alta
Banco de Espana,Sabado,18,Lluvia,8,5,341,12.4,Alta
Lago,Sabado,20,Lluvia,8,5,605,12.1,Alta
Sevilla,Jueves,14,Soleado,9,0,688,2.1,Media
Callao,Martes,22,Nublado,6,20,558,23.1,Alta
Lago,Miercoles,23,Soleado,4,0,446,4.3,Baja
Plaza de Espana,Miercoles,16,Tormenta,5,5,591,10.7,Alta
Goya,Sabado,22,Lluvia,7,0,409,8.7,Media
Principe Pio,Lunes,23,Soleado,4,0,338,4.3,Baja
Callao,Jueves,20,Nublado,6,10,368,13.7,Alta
Tribunal,Lunes,14,Nublado,7,0,396,4.0,Baja
Noviciado,Lunes,18,Tormenta,4,0,1410,10.4,Alta
Plaza de Espana,Lunes,14,Lluvia,8,0,755,7.3,Media
Noviciado,Jueves,15,Nublado,9,0,281,3.5,Baja
Alonso Martinez,Sabado,13,Tormenta,7,0,464,7.7,Media
Principe de Vergara,Martes,20,Nublado,6,0,616,2.4,Media
Principe Pio,Lunes,22,Nublado,4,0,268,4.1,Baja
Callao,Martes,22,Lluvia,9,0,342,5.6,Media
Noviciado,Sabado,12,Lluvia,5,0,199,6.7,Media
Opera,Lunes,18,Nublado,8,20,1416,22.2,Alta
Banco de Espana,Sabado,6,Soleado,7,5,618,9.3,Media
Quevedo,Jueves,8,Nublado,4,0,1372,6.5,Alta
Plaza de Espana,Domingo,15,Lluvia,5,0,363,4.3,Baja
Opera,Martes,17,Nublado,3,0,852,6.5,Media
Banco de Espana,Viernes,16,Soleado,8,0,505,3.1,Baja
Sevilla,Martes,10,Lluvia,5,0,645,6.1,Media
Lago,Domingo,17,Soleado,3,0,374,2.4,Baja
Quevedo,Sabado,14,Tormenta,2,0,294,4.6,Baja
Callao,Lunes,18,Tormenta,4,0,1256,11.3,Alta
Plaza de Espana,Martes,15,Tormenta,8,0,474,7.4,Media
Noviciado,Miercoles,16,Nublado,5,0,378,2.7,Baja
Tribunal,Martes,9,Soleado,9,5,1308,7.2,Alta
Principe Pio,Jueves,10,Tormenta,6,0,290,5.6,Media
Sevilla,Viernes,13,Tormenta,9,0,232,5.3,Media
Plaza de Espana,Miercoles,12,Soleado,9,0,637,3.7,Media
Atocha,Jueves,9,Nublado,2,0,1351,7.1,Alta
Principe de Vergara,Jueves,21,Nublado,8,0,439,2.8,Baja
Plaza de Espana,Jueves,8,Lluvia,10,0,1787,6.7,Alta
Alonso Martinez,Lunes,11,Nublado,2,5,293,7.7,Media
Retiro,Viernes,11,Lluvia,6,0,500,5.4,Media
Atocha,Domingo,16,Soleado,7,0,422,4.9,Baja
Sevilla,Miercoles,21,Soleado,7,0,407,2.2,Baja
Sevilla,Domingo,6,Soleado,4,0,432,4.5,Baja
Noviciado,Jueves,8,Soleado,10,0,711,2.2,Media
Callao,Martes,7,Lluvia,9,0,1394,7.4,Alta
Sol,Viernes,17,Soleado,6,0,957,2.5,Media
Tribunal,Jueves,19,Soleado,2,0,690,4.2,Media
Noviciado,Miercoles,6,Lluvia,3,0,120,5.7,Media
Sol,Jueves,20,Soleado,2,0,418,4.1,Baja
Lago,Martes,22,Soleado,4,0,187,3.7,Baja
Banco de Espana,Jueves,16,Tormenta,3,0,587,8.0,Media
Noviciado,Jueves,23,Lluvia,9,0,428,8.1,Media
Atocha,Jueves,14,Lluvia,8,0,452,6.8,Media
Lago,Martes,9,Tormenta,9,5,1202,12.2,Alta
Banco de Espana,Sabado,20,Nublado,10,0,417,2.3,Baja
Noviciado,Miercoles,5,Nublado,3,10,370,13.3,Alta
Retiro,Miercoles,22,Lluvia,6,0,385,5.1,Media
Opera,Miercoles,21,Tormenta,7,10,423,13.7,Alta
Tribunal,Lunes,15,Soleado,7,0,206,4.4,Baja
Anton Martin,Sabado,16,Tormenta,2,0,270,7.0,Media
Opera,Domingo,23,Nublado,7,0,475,4.9,Baja
Principe Pio,Lunes,9,Soleado,9,0,974,2.2,Media
Plaza de Espana,Sabado,9,Soleado,4,0,544,3.2,Baja
Lago,Domingo,5,Soleado,2,0,471,3.9,Baja
Atocha,Miercoles,8,Soleado,6,0,1482,5.0,Alta
Bilbao,Miercoles,19,Soleado,4,0,1925,7.6,Alta
Principe de Vergara,Lunes,12,Tormenta,10,0,337,4.5,Baja
Sevilla,Miercoles,6,Tormenta,2,0,478,8.5,Media
Quevedo,Jueves,11,Lluvia,3,0,538,6.1,Media
Goya,Domingo,23,Nublado,10,0,587,2.0,Baja
Noviciado,Sabado,15,Tormenta,8,0,321,4.4,Baja
Sol,Jueves,7,Tormenta,2,0,1166,9.5,Media
Anton Martin,Martes,22,Lluvia,2,0,602,7.2,Media
Plaza de Espana,Viernes,7,Nublado,4,0,1127,6.6,Media
Anton Martin,Lunes,15,Lluvia,4,0,482,5.7,Media
Alonso Martinez,Domingo,7,Nublado,9,0,563,3.0,Baja
Plaza de Espana,Miercoles,20,Lluvia,4,5,453,9.5,Media
Opera,Lunes,18,Soleado,4,0,1117,6.5,Media
Lago,Jueves,8,Soleado,2,0,1642,7.5,Alta
Sevilla,Sabado,20,Tormenta,10,5,725,10.9,Alta
Goya,Jueves,11,Tormenta,7,0,353,6.1,Media
Atocha,Sabado,5,Nublado,7,0,593,2.2,Baja
Opera,Jueves,14,Soleado,2,0,248,3.0,Baja
Atocha,Martes,7,Soleado,9,10,1510,12.3,Alta
Atocha,Viernes,6,Tormenta,4,5,327,11.0,Alta
Principe de Vergara,Sabado,5,Nublado,7,0,342,4.0,Baja
Sol,Jueves,14,Nublado,2,0,750,2.6,Media
Sevilla,Martes,16,Lluvia,8,0,146,5.1,Media
Gran Via,Viernes,17,Soleado,4,0,1596,8.0,Alta
Lago,Jueves,15,Lluvia,4,10,629,15.3,Alta
Lago,Domingo,18,Tormenta,3,5,400,9.5,Media
Retiro,Martes,23,Tormenta,5,0,251,4.8,Baja
Atocha,Sabado,13,Lluvia,9,0,378,4.0,Baja
Principe Pio,Lunes,17,Tormenta,10,10,949,14.1,Alta
Goya,Jueves,7,Tormenta,7,0,1541,6.1,Alta
Goya,Domingo,17,Soleado,3,0,385,2.5,Baja
Tribunal,Martes,6,Nublado,9,0,352,2.6,Baja
Principe Pio,Domingo,12,Soleado,5,5,364,8.2,Media
Principe de Vergara,Martes,22,Tormenta,3,0,281,4.7,Baja
Sol,Miercoles,7,Tormenta,5,0,1735,6.3,Alta
Bilbao,Lunes,15,Soleado,3,0,595,4.6,Baja
Tribunal,Sabado,21,Tormenta,9,5,597,13.3,Alta
Sevilla,Martes,9,Soleado,7,0,1546,3.2,Alta
Retiro,Martes,17,Tormenta,4,0,1798,10.3,Alta
Alonso Martinez,Martes,18,Soleado,8,0,781,2.5,Media
Lago,Jueves,10,Nublado,10,0,343,4.9,Baja
Callao,Lunes,8,Nublado,3,10,1320,16.1,Alta
Sol,Sabado,21,Lluvia,10,10,724,16.0,Alta
Sevilla,Miercoles,17,Lluvia,8,0,1086,6.0,Media
Anton Martin,Jueves,11,Nublado,6,0,385,3.6,Baja
Anton Martin,Viernes,9,Soleado,4,0,1765,8.4,Alta
Noviciado,Sabado,10,Tormenta,10,10,462,16.4,Alta
Alonso Martinez,Domingo,19,Lluvia,7,0,548,5.9,Media
Alonso Martinez,Martes,15,Nublado,2,0,759,2.4,Media
Goya,Sabado,23,Nublado,3,0,195,2.2,Baja
Plaza de Espana,Domingo,12,Lluvia,2,0,202,6.7,Media
Opera,Lunes,14,Tormenta,6,0,347,5.4,Media
Goya,Miercoles,13,Soleado,6,0,493,2.9,Baja
Alonso Martinez,Lunes,18,Soleado,6,0,901,2.5,Media
Lago,Lunes,12,Soleado,4,0,562,3.0,Baja
Noviciado,Lunes,12,Soleado,10,0,460,2.6,Baja
Goya,Domingo,5,Lluvia,7,5,553,12.3,Alta
Opera,Domingo,18,Tormenta,8,0,608,4.7,Media
Principe Pio,Viernes,18,Lluvia,2,0,1509,6.3,Alta
Anton Martin,Miercoles,21,Lluvia,5,0,529,8.0,Media
Gran Via,Martes,12,Tormenta,10,0,366,6.3,Media
Retiro,Sabado,18,Soleado,6,0,437,2.2,Baja
Noviciado,Viernes,16,Lluvia,5,0,632,7.4,Media
Alonso Martinez,Jueves,20,Soleado,4,0,410,3.4,Baja
Gran Via,Lunes,13,Soleado,7,0,458,2.8,Baja
Gran Via,Lunes,13,Lluvia,6,0,431,5.9,Media
Bilbao,Viernes,20,Tormenta,10,0,562,6.5,Media
Atocha,Jueves,19,Soleado,6,0,1236,2.7,Alta
Noviciado,Lunes,23,Tormenta,5,0,479,6.5,Media
Sevilla,Miercoles,13,Lluvia,4,0,204,5.8,Media
Sevilla,Martes,9,Nublado,4,0,1424,7.8,Alta
Banco de Espana,Viernes,11,Nublado,8,0,579,2.5,Baja
Callao,Lunes,21,Tormenta,5,0,509,5.2,Media
Lago,Miercoles,18,Tormenta,8,20,1696,27.1,Alta
Embajadores,Domingo,6,Soleado,6,0,691,4.0,Media
Plaza de Espana,Domingo,17,Lluvia,6,0,728,5.0,Media
Sevilla,Lunes,20,Nublado,5,0,495,4.0,Baja
Goya,Martes,7,Soleado,8,5,1157,9.7,Media
Lago,Viernes,7,Lluvia,10,0,890,6.4,Media
Plaza de Espana,Viernes,12,Soleado,8,5,374,9.5,Media
Principe Pio,Martes,23,Tormenta,7,5,564,10.5,Alta
Banco de Espana,Sabado,6,Nublado,5,0,134,2.6,Baja
Lago,Lunes,21,Soleado,5,0,470,3.6,Baja
Bilbao,Lunes,18,Soleado,6,0,1280,2.3,Alta
Anton Martin,Domingo,6,Tormenta,4,0,409,5.5,Media
Principe de Vergara,Sabado,5,Tormenta,7,0,275,6.8,Media
Sol,Martes,7,Soleado,5,5,1618,9.1,Alta
Callao,Lunes,23,Soleado,2,0,421,2.3,Baja
Opera,Viernes,8,Tormenta,3,0,1704,10.5,Alta
Banco de Espana,Viernes,11,Lluvia,5,0,470,4.7,Baja
Opera,Miercoles,18,Nublado,7,0,1700,2.1,Alta
Opera,Jueves,13,Lluvia,3,0,144,4.0,Baja
Anton Martin,Martes,18,Soleado,6,0,1908,3.4,Alta
Atocha,Lunes,12,Tormenta,10,10,493,16.4,Alta
Tribunal,Martes,11,Tormenta,6,0,541,6.1,Media
Sol,Domingo,5,Soleado,9,0,473,4.1,Baja
Embajadores,Lunes,17,Tormenta,10,0,954,6.8,Media
Quevedo,Martes,22,Lluvia,8,0,279,6.7,Media
Opera,Domingo,13,Soleado,5,0,613,4.2,Media
Sevilla,Jueves,7,Lluvia,9,0,1664,6.9,Alta
Sevilla,Viernes,20,Lluvia,9,0,458,6.2,Media
Tribunal,Domingo,11,Soleado,7,5,584,7.9,Media
Principe Pio,Lunes,12,Nublado,8,0,599,4.3,Baja
Noviciado,Jueves,11,Lluvia,6,0,508,8.4,Media
Atocha,Viernes,22,Soleado,6,0,582,2.2,Baja
Bilbao,Domingo,7,Nublado,4,0,312,2.9,Baja
Atocha,Jueves,15,Soleado,8,0,458,2.7,Baja
Goya,Viernes,19,Tormenta,7,0,1226,4.7,Alta
Goya,Viernes,22,Tormenta,3,0,583,6.4,Media
Tribunal,Martes,15,Soleado,10,0,493,3.6,Baja
Noviciado,Domingo,22,Soleado,6,0,607,2.6,Media
Principe de Vergara,Martes,6,Lluvia,9,0,407,7.2,Media
Retiro,Miercoles,8,Soleado,3,0,1518,5.6,Alta
Principe de Vergara,Lunes,16,Nublado,10,20,496,22.0,Alta
Banco de Espana,Viernes,14,Nublado,9,0,702,2.4,Media
Opera,Viernes,5,Tormenta,9,0,456,3.9,Baja
Principe Pio,Lunes,13,Nublado,3,0,454,3.7,Baja
Tribunal,Jueves,10,Lluvia,8,0,549,6.0,Media
Sol,Sabado,11,Tormenta,3,0,591,8.0,Media
Atocha,Lunes,13,Nublado,7,0,292,4.6,Baja
Opera,Martes,5,Lluvia,5,10,467,15.4,Alta
Principe de Vergara,Domingo,14,Nublado,7,5,318,9.0,Media
Retiro,Domingo,23,Nublado,7,0,229,3.2,Baja
Retiro,Domingo,19,Lluvia,2,0,350,6.2,Media
Sevilla,Domingo,5,Soleado,4,0,364,2.2,Baja
Sol,Martes,17,Nublado,8,0,1453,4.3,Alta
Principe de Vergara,Sabado,14,Lluvia,6,0,370,7.7,Media
Anton Martin,Domingo,17,Nublado,3,0,713,3.9,Media
Tribunal,Jueves,10,Tormenta,3,0,392,4.6,Baja
Sevilla,Miercoles,22,Tormenta,7,0,327,7.0,Media
Banco de Espana,Martes,22,Nublado,5,0,338,2.9,Baja
Opera,Lunes,11,Soleado,6,0,543,3.5,Baja
Anton Martin,Jueves,8,Nublado,10,0,1632,2.7,Alta
Bilbao,Martes,14,Soleado,5,0,596,4.9,Baja
Anton Martin,Lunes,19,Nublado,10,0,1210,4.8,Alta
Principe Pio,Jueves,17,Soleado,5,0,1856,2.7,Alta
Plaza de Espana,Sabado,19,Lluvia,3,0,240,5.8,Media
Retiro,Jueves,18,Tormenta,7,0,1774,6.2,Alta
Principe Pio,Viernes,13,Nublado,8,0,641,3.8,Media
Plaza de Espana,Domingo,10,Lluvia,8,0,267,6.9,Media
Tribunal,Martes,12,Lluvia,3,0,445,6.1,Media
Principe de Vergara,Lunes,13,Soleado,5,0,297,2.4,Baja
Callao,Lunes,16,Nublado,6,0,552,2.4,Baja
Alonso Martinez,Lunes,5,Nublado,4,0,258,3.5,Baja
Plaza de Espana,Jueves,6,Tormenta,5,0,213,6.4,Media
Bilbao,Miercoles,20,Tormenta,3,0,429,7.4,Media
Principe de Vergara,Martes,16,Lluvia,4,5,617,11.5,Alta
Banco de Espana,Miercoles,11,Lluvia,7,0,416,4.1,Baja
Goya,Miercoles,7,Soleado,8,0,699,3.1,Media
Sevilla,Domingo,12,Lluvia,3,0,536,6.5,Media
Alonso Martinez,Martes,22,Tormenta,7,0,358,5.4,Media
Retiro,Miercoles,7,Nublado,2,0,996,5.2,Media
Gran Via,Martes,20,Tormenta,9,0,684,5.5,Media
Principe de Vergara,Jueves,17,Lluvia,5,5,1597,11.0,Alta
Principe de Vergara,Viernes,11,Lluvia,6,0,461,7.0,Media
Principe Pio,Martes,5,Soleado,6,0,201,3.1,Baja
Sol,Jueves,16,Tormenta,10,0,571,7.4,Media
Plaza de Espana,Domingo,11,Nublado,6,0,679,2.5,Media
Alonso Martinez,Martes,20,Tormenta,5,5,433,9.8,Media
Anton Martin,Domingo,21,Nublado,3,0,734,4.4,Media
Noviciado,Jueves,13,Soleado,3,0,617,2.9,Media
Atocha,Jueves,6,Soleado,2,0,666,4.7,Media
Goya,Domingo,16,Soleado,8,0,335,3.0,Baja
Quevedo,Martes,11,Nublado,4,0,389,3.9,Baja
Principe de Vergara,Viernes,21,Soleado,4,0,167,5.0,Baja
Bilbao,Domingo,18,Soleado,3,0,306,4.0,Baja
Sol,Jueves,17,Nublado,8,0,920,2.1,Media
Opera,Miercoles,17,Nublado,7,0,1686,4.7,Alta
Plaza de Espana,Miercoles,19,Nublado,4,0,1739,4.8,Alta
Embajadores,Domingo,10,Nublado,8,0,309,3.3,Baja
Tribunal,Viernes,11,Tormenta,3,0,427,4.3,Baja
Goya,Miercoles,20,Soleado,6,0,692,3.7,Media
Callao,Lunes,16,Soleado,7,0,531,4.8,Baja
Sol,Sabado,5,Soleado,5,0,740,2.4,Media
Tribunal,Lunes,11,Nublado,5,0,423,3.2,Baja
Sevilla,Miercoles,12,Soleado,9,0,766,3.7,Media
Tribunal,Lunes,20,Tormenta,5,0,527,7.3,Media
Alonso Martinez,Domingo,7,Tormenta,5,5,225,8.8,Media
Sevilla,Domingo,8,Tormenta,7,0,503,7.3,Media
Alonso Martinez,Jueves,18,Nublado,5,0,1222,2.2,Alta
Sol,Lunes,20,Lluvia,8,0,598,4.6,Baja
Alonso Martinez,Viernes,21,Soleado,6,10,523,14.8,Alta
Goya,Viernes,8,Soleado,2,0,1129,6.2,Media
Opera,Lunes,8,Tormenta,6,0,1749,4.3,Alta
Atocha,Lunes,10,Lluvia,5,5,347,13.1,Alta
Atocha,Jueves,13,Lluvia,6,0,384,6.7,Media
Tribunal,Jueves,14,Soleado,10,0,173,2.1,Baja
Noviciado,Sabado,22,Tormenta,10,0,326,6.4,Media
Noviciado,Miercoles,16,Nublado,6,0,463,2.9,Baja
Goya,Lunes,13,Lluvia,4,0,200,5.8,Media
Opera,Martes,17,Nublado,5,5,1547,8.5,Alta
Noviciado,Lunes,15,Nublado,4,0,758,2.9,Media
Atocha,Jueves,14,Soleado,5,5,354,8.5,Media
Lago,Sabado,13,Lluvia,8,5,728,11.3,Alta
Sol,Jueves,6,Lluvia,8,0,427,6.6,Media
Gran Via,Martes,14,Nublado,8,0,247,3.0,Baja
Gran Via,Sabado,18,Tormenta,9,0,443,3.3,Baja
Principe de Vergara,Domingo,22,Tormenta,7,20,224,27.7,Alta
Retiro,Viernes,20,Soleado,10,0,429,2.9,Baja
Alonso Martinez,Jueves,11,Soleado,3,0,570,4.7,Baja
Opera,Martes,6,Tormenta,4,0,461,5.4,Media
Sevilla,Miercoles,19,Tormenta,2,5,1283,15.0,Alta
Atocha,Martes,19,Soleado,7,0,1264,3.3,Alta
Anton Martin,Sabado,21,Lluvia,9,5,405,9.8,Media
Callao,Sabado,9,Tormenta,3,0,548,4.0,Baja
Sol,Jueves,20,Nublado,10,0,705,4.6,Media
Sol,Miercoles,8,Nublado,7,0,839,3.7,Media
Quevedo,Sabado,13,Soleado,5,0,495,4.8,Baja
Sol,Viernes,8,Soleado,9,0,1407,4.4,Alta
Embajadores,Lunes,14,Soleado,4,0,307,3.0,Baja
Embajadores,Miercoles,16,Tormenta,7,0,255,6.0,Media
Principe de Vergara,Martes,15,Soleado,5,0,282,4.6,Baja
Goya,Martes,13,Lluvia,3,0,338,7.2,Media
Lago,Miercoles,10,Tormenta,9,0,411,5.2,Media
Embajadores,Martes,16,Tormenta,10,0,514,6.2,Media
Principe de Vergara,Lunes,7,Soleado,9,0,1528,3.3,Alta
Lago,Viernes,13,Soleado,2,0,397,2.7,Baja
Lago,Domingo,8,Soleado,7,0,311,3.4,Baja
Principe de Vergara,Lunes,22,Nublado,4,0,546,3.4,Baja
Atocha,Martes,8,Lluvia,10,0,1263,7.3,Alta
Anton Martin,Martes,9,Lluvia,3,0,1629,11.4,Alta
Goya,Martes,23,Tormenta,2,0,498,4.8,Baja
Bilbao,Sabado,23,Soleado,10,0,598,2.3,Baja
Quevedo,Sabado,23,Lluvia,9,0,406,8.9,Media
Quevedo,Sabado,16,Soleado,5,0,654,4.3,Media
Atocha,Lunes,18,Soleado,6,0,1049,2.1,Media
Retiro,Viernes,15,Lluvia,6,0,412,5.2,Media
Sol,Sabado,6,Soleado,10,0,421,4.1,Baja
Opera,Domingo,20,Tormenta,3,0,669,6.4,Media
Sevilla,Domingo,5,Nublado,3,0,709,3.7,Media
Bilbao,Lunes,6,Tormenta,4,0,465,7.8,Media
Goya,Miercoles,14,Lluvia,4,0,653,6.5,Media
Lago,Jueves,16,Lluvia,9,0,530,8.0,Media
Gran Via,Sabado,8,Soleado,8,0,652,3.4,Media
Alonso Martinez,Miercoles,12,Tormenta,4,0,600,4.7,Baja
Gran Via,Miercoles,15,Nublado,3,0,366,3.6,Baja
Sevilla,Sabado,13,Lluvia,2,0,409,4.7,Baja
Anton Martin,Viernes,16,Soleado,9,0,432,2.1,Baja
Quevedo,Lunes,15,Soleado,7,0,397,3.4,Baja
Principe de Vergara,Martes,11,Soleado,4,0,510,3.4,Baja
Embajadores,Viernes,17,Nublado,10,0,1400,2.3,Alta
Gran Via,Sabado,22,Lluvia,9,0,209,4.1,Baja
Alonso Martinez,Viernes,11,Soleado,2,0,645,3.1,Media
Atocha,Sabado,22,Lluvia,7,0,319,7.0,Media
Tribunal,Sabado,22,Nublado,5,0,276,2.1,Baja
Sevilla,Martes,14,Soleado,6,0,591,4.0,Baja
Callao,Sabado,20,Soleado,8,0,525,4.9,Baja
Retiro,Miercoles,9,Tormenta,7,10,1608,15.9,Alta
Principe de Vergara,Martes,21,Nublado,9,0,497,4.9,Baja
Embajadores,Lunes,8,Soleado,10,0,1584,2.6,Alta
Tribunal,Domingo,13,Lluvia,3,0,544,6.2,Media
Sevilla,Martes,15,Soleado,3,0,528,2.5,Baja
Sol,Sabado,8,Soleado,7,0,609,4.7,Media
Sevilla,Lunes,21,Tormenta,6,0,214,7.2,Media
Noviciado,Sabado,9,Soleado,5,0,379,3.4,Baja
Alonso Martinez,Domingo,22,Soleado,6,0,401,3.0,Baja
Retiro,Miercoles,17,Lluvia,4,0,1290,9.7,Alta
Quevedo,Lunes,16,Soleado,7,0,414,3.9,Baja
Noviciado,Domingo,7,Lluvia,6,0,322,3.8,Baja
Bilbao,Martes,8,Soleado,3,0,949,8.7,Media
Sevilla,Miercoles,5,Soleado,6,0,454,4.0,Baja
Anton Martin,Martes,11,Tormenta,8,0,765,4.1,Media
Bilbao,Jueves,14,Tormenta,2,0,615,7.9,Media
Bilbao,Domingo,22,Nublado,4,0,366,3.0,Baja
Noviciado,Martes,13,Soleado,5,0,449,4.1,Baja
Opera,Viernes,20,Lluvia,5,0,247,5.4,Media
Goya,Sabado,16,Soleado,9,0,405,2.4,Baja
Sol,Martes,5,Nublado,3,0,251,2.0,Baja
Opera,Jueves,10,Lluvia,5,0,388,6.7,Media
Opera,Jueves,6,Tormenta,5,0,545,6.2,Media
Alonso Martinez,Miercoles,15,Soleado,9,0,603,3.6,Media
Sevilla,Viernes,9,Lluvia,3,0,1346,11.4,Alta
Noviciado,Miercoles,6,Lluvia,6,0,420,7.3,Media
Retiro,Martes,8,Nublado,7,0,1234,4.3,Alta
Principe de Vergara,Jueves,14,Tormenta,3,0,291,3.7,Baja
Lago,Domingo,13,Nublado,4,0,387,3.4,Baja
Alonso Martinez,Miercoles,6,Nublado,4,0,687,4.3,Media
Tribunal,Miercoles,11,Tormenta,6,0,542,6.8,Media
Noviciado,Viernes,6,Soleado,3,0,479,3.1,Baja
Principe de Vergara,Miercoles,17,Tormenta,2,0,725,5.8,Media
Plaza de Espana,Jueves,22,Tormenta,4,0,292,5.1,Media
Banco de Espana,Lunes,11,Nublado,3,0,456,4.7,Baja
Noviciado,Martes,15,Tormenta,4,0,649,6.8,Media
Opera,Viernes,9,Tormenta,2,0,1505,7.0,Alta
Tribunal,Jueves,18,Nublado,5,0,1305,4.5,Alta
Tribunal,Jueves,9,Lluvia,10,0,1343,7.6,Alta
Quevedo,Viernes,5,Soleado,6,0,474,4.2,Baja
Sol,Miercoles,21,Tormenta,8,0,514,5.3,Media
Sevilla,Lunes,13,Lluvia,4,20,327,24.9,Alta
Goya,Jueves,10,Tormenta,10,10,404,16.3,Alta
Quevedo,Jueves,8,Soleado,9,5,1170,8.5,Media
Goya,Jueves,12,Soleado,9,0,624,3.0,Media
Embajadores,Martes,19,Tormenta,8,0,1744,8.0,Alta
Banco de Espana,Martes,9,Tormenta,10,0,1140,3.6,Media
Retiro,Lunes,12,Nublado,5,0,561,3.2,Baja
Alonso Martinez,Martes,18,Nublado,10,20,1462,22.9,Alta
Gran Via,Jueves,7,Tormenta,4,0,811,11.7,Alta
Banco de Espana,Viernes,21,Nublado,7,5,586,8.6,Media
Banco de Espana,Lunes,5,Nublado,7,0,436,2.8,Baja
Alonso Martinez,Lunes,22,Nublado,4,0,457,2.5,Baja
Principe Pio,Domingo,14,Lluvia,5,0,118,5.3,Media
Callao,Sabado,14,Lluvia,10,0,621,5.7,Media
Atocha,Sabado,23,Nublado,10,0,385,2.2,Baja
Noviciado,Miercoles,18,Nublado,3,0,1236,9.8,Alta
Tribunal,Domingo,5,Lluvia,4,0,274,4.6,Baja
Noviciado,Sabado,5,Tormenta,5,0,448,4.5,Baja
Sol,Miercoles,18,Soleado,7,0,960,3.9,Media
Lago,Jueves,22,Nublado,2,0,310,3.2,Baja
Atocha,Jueves,10,Tormenta,7,0,378,5.3,Media
Sol,Jueves,20,Tormenta,7,0,401,6.9,Media
Anton Martin,Domingo,18,Soleado,2,0,602,4.8,Media
Anton Martin,Viernes,16,Lluvia,10,0,225,4.2,Baja
Principe de Vergara,Sabado,7,Lluvia,8,0,244,7.2,Media
Lago,Viernes,6,Soleado,7,0,315,2.4,Baja
Bilbao,Sabado,20,Lluvia,2,0,534,6.3,Media
Quevedo,Lunes,18,Nublado,2,0,973,6.8,Media
Alonso Martinez,Viernes,9,Tormenta,8,20,1646,24.6,Alta
Quevedo,Lunes,10,Nublado,9,0,607,4.1,Media
Banco de Espana,Viernes,21,Tormenta,4,0,592,5.0,Baja
Banco de Espana,Sabado,16,Lluvia,7,0,634,5.0,Media
Noviciado,Martes,8,Soleado,6,0,1087,3.9,Media
Plaza de Espana,Domingo,15,Tormenta,6,0,403,6.7,Media
Anton Martin,Martes,12,Soleado,9,0,241,3.5,Baja
Atocha,Domingo,11,Tormenta,8,0,728,6.1,Media
Retiro,Miercoles,17,Nublado,4,0,1211,8.4,Alta
Principe de Vergara,Lunes,19,Soleado,8,0,807,3.8,Media
Atocha,Sabado,19,Tormenta,3,0,722,6.7,Media
Tribunal,Lunes,13,Tormenta,7,5,372,12.9,Alta
Plaza de Espana,Jueves,8,Nublado,6,0,1297,4.0,Alta
Principe de Vergara,Jueves,21,Lluvia,5,0,451,7.6,Media
Alonso Martinez,Domingo,13,Tormenta,9,0,672,6.8,Media
Callao,Lunes,21,Nublado,9,5,278,9.9,Media
Noviciado,Domingo,8,Nublado,9,0,486,3.8,Baja
Banco de Espana,Lunes,17,Nublado,9,0,1263,3.7,Alta
Retiro,Lunes,5,Tormenta,4,0,278,6.5,Media
Opera,Jueves,14,Lluvia,7,0,470,7.0,Media
Plaza de Espana,Domingo,7,Tormenta,4,0,611,5.4,Media
Principe de Vergara,Sabado,15,Nublado,3,10,442,13.6,Alta
Embajadores,Lunes,9,Nublado,10,0,1301,2.1,Alta
Opera,Sabado,19,Lluvia,8,0,592,8.8,Media
Noviciado,Sabado,11,Lluvia,3,0,603,8.4,Media
Quevedo,Jueves,19,Nublado,5,0,1392,3.3,Alta
Quevedo,Viernes,10,Tormenta,9,0,189,7.6,Media
Embajadores,Viernes,7,Nublado,9,0,1057,4.7,Media
Alonso Martinez,Martes,21,Tormenta,6,0,408,6.1,Media
Opera,Lunes,14,Tormenta,3,0,414,5.2,Media
Anton Martin,Sabado,6,Nublado,7,0,322,4.4,Baja
Principe de Vergara,Jueves,18,Lluvia,10,0,1456,7.3,Alta
Banco de Espana,Jueves,6,Tormenta,4,0,465,5.3,Media
Banco de Espana,Martes,10,Tormenta,7,0,667,6.5,Media
Atocha,Jueves,19,Tormenta,6,0,1678,7.1,Alta
Plaza de Espana,Domingo,10,Lluvia,2,0,545,5.6,Media
Callao,Miercoles,23,Soleado,3,0,316,5.0,Baja
Principe Pio,Martes,8,Lluvia,9,0,1525,7.0,Alta
Atocha,Domingo,23,Lluvia,9,0,433,8.0,Media
Alonso Martinez,Domingo,16,Nublado,10,0,444,3.9,Baja
Gran Via,Viernes,11,Soleado,9,0,568,4.1,Baja
Gran Via,Domingo,11,Tormenta,5,10,208,16.9,Alta
Principe de Vergara,Lunes,22,Lluvia,3,0,449,6.9,Media
Anton Martin,Domingo,10,Nublado,5,0,303,2.7,Baja
Alonso Martinez,Sabado,12,Tormenta,7,0,199,8.7,Media
Tribunal,Sabado,19,Tormenta,2,0,296,6.9,Media
Alonso Martinez,Sabado,10,Lluvia,9,0,637,7.1,Media
Tribunal,Jueves,15,Soleado,8,0,609,4.8,Media
Goya,Viernes,19,Lluvia,5,0,1187,6.9,Media
Goya,Miercoles,9,Soleado,7,0,926,4.4,Media
Bilbao,Viernes,11,Soleado,10,0,425,3.8,Baja
Goya,Lunes,9,Nublado,6,0,1210,4.6,Alta
Goya,Domingo,9,Lluvia,2,0,370,6.4,Media
Lago,Lunes,7,Lluvia,7,0,1701,8.8,Alta
Embajadores,Viernes,15,Tormenta,7,0,527,5.7,Media
Retiro,Lunes,22,Tormenta,10,0,517,5.4,Media
Retiro,Viernes,6,Lluvia,9,0,394,6.2,Media
Principe Pio,Jueves,20,Soleado,8,0,589,2.6,Baja
Banco de Espana,Martes,10,Tormenta,3,0,372,5.9,Media
Tribunal,Miercoles,22,Nublado,3,0,471,4.7,Baja
Atocha,Domingo,23,Lluvia,3,0,426,6.1,Media
Gran Via,Martes,9,Lluvia,3,0,1178,10.5,Alta
Retiro,Lunes,13,Soleado,3,0,437,3.7,Baja
Sevilla,Jueves,19,Soleado,8,0,777,3.6,Media
Lago,Sabado,5,Soleado,7,0,700,4.6,Media
Embajadores,Sabado,21,Soleado,5,0,359,5.0,Baja
Lago,Sabado,10,Tormenta,10,0,609,7.7,Media
Quevedo,Jueves,13,Soleado,4,0,217,2.2,Baja
Quevedo,Martes,12,Nublado,6,0,449,3.6,Baja
Gran Via,Martes,15,Tormenta,3,0,435,5.0,Media
Atocha,Viernes,13,Soleado,10,0,433,3.2,Baja
Goya,Viernes,8,Soleado,2,5,1553,14.6,Alta
Gran Via,Miercoles,7,Soleado,8,0,1388,3.9,Alta
Lago,Lunes,15,Soleado,8,5,264,7.8,Media
Callao,Jueves,12,Nublado,7,5,490,7.3,Media
Tribunal,Viernes,16,Nublado,3,0,302,2.3,Baja
Goya,Viernes,15,Nublado,8,0,344,4.6,Baja
Sevilla,Jueves,16,Soleado,10,0,212,4.5,Baja
Principe Pio,Miercoles,19,Tormenta,4,0,1546,8.9,Alta
Callao,Viernes,16,Lluvia,5,0,401,7.0,Media
Bilbao,Miercoles,15,Soleado,8,0,474,3.4,Baja
Gran Via,Viernes,6,Tormenta,2,0,367,4.6,Baja
Principe de Vergara,Martes,9,Soleado,9,0,1774,3.6,Alta
Sevilla,Miercoles,10,Tormenta,5,0,559,6.1,Media
Tribunal,Sabado,12,Tormenta,8,0,282,6.4,Media
Principe de Vergara,Lunes,8,Lluvia,8,0,1572,3.5,Alta
Alonso Martinez,Martes,19,Tormenta,10,0,857,3.3,Media
Noviciado,Lunes,17,Lluvia,3,0,1731,6.7,Alta
Tribunal,Viernes,19,Lluvia,6,0,1211,5.0,Alta
Alonso Martinez,Sabado,9,Lluvia,7,0,358,5.4,Media
Anton Martin,Martes,16,Tormenta,10,0,458,8.8,Media
Noviciado,Miercoles,21,Nublado,6,0,483,4.5,Baja
Principe de Vergara,Miercoles,9,Tormenta,3,0,1404,8.5,Alta
Sol,Jueves,23,Soleado,7,0,409,2.3,Baja
Noviciado,Jueves,22,Tormenta,2,0,361,6.1,Media
Bilbao,Jueves,9,Soleado,9,0,1297,2.7,Alta
Sevilla,Martes,19,Lluvia,5,0,1276,8.2,Alta
Gran Via,Sabado,16,Soleado,8,5,285,8.8,Media
Atocha,Jueves,5,Soleado,3,0,412,4.3,Baja
Opera,Martes,13,Soleado,2,0,425,2.6,Baja
Callao,Martes,5,Tormenta,9,0,509,6.1,Media
Sevilla,Miercoles,23,Tormenta,2,0,533,7.9,Media
Banco de Espana,Miercoles,19,Soleado,10,0,721,3.6,Media
Embajadores,Sabado,6,Tormenta,5,0,537,5.8,Media
Retiro,Lunes,18,Lluvia,4,0,1300,11.5,Alta
Principe Pio,Martes,18,Nublado,7,0,1487,3.1,Alta
Banco de Espana,Martes,5,Tormenta,4,0,291,4.5,Baja
Bilbao,Miercoles,19,Tormenta,5,0,1354,6.4,Alta
Anton Martin,Martes,5,Tormenta,3,10,391,16.0,Alta
Noviciado,Sabado,12,Lluvia,4,5,321,12.0,Alta
Banco de Espana,Jueves,5,Lluvia,6,0,242,7.8,Media
Opera,Viernes,6,Lluvia,6,0,572,5.5,Media
Sevilla,Viernes,10,Nublado,10,0,287,4.6,Baja
Embajadores,Martes,15,Lluvia,2,0,735,5.7,Media
Callao,Domingo,5,Lluvia,2,0,516,5.5,Media
Bilbao,Domingo,6,Soleado,8,0,423,2.7,Baja
Sol,Miercoles,5,Soleado,5,0,610,2.7,Media
Gran Via,Miercoles,21,Tormenta,5,0,381,7.6,Media
Alonso Martinez,Miercoles,8,Nublado,8,0,1448,2.1,Alta
Callao,Martes,18,Tormenta,7,0,1039,7.5,Media